Implement,GivenName,LastName,Initials,OfficeName,Description,Mail,StreetAddress,City,PostalCode,State,Country,Company,Department,EmployeeID,ExtensionAttribute1,Title,Phone,ProfilePath,ScriptPath,HomeDirectory,HomeDrive,Password,PasswordNeverExpires,Enabled,TargetOU,Group
Yes,David,Goebel,,Corporate,,dgoebel@dgse.local,140 Toro Blvd,Nashua,03062,New Hampshire,US,Tech Management Labs,Administration,131,,Executive Assistant,603-555-0230,,,\\dgsa-discovery.dgse.local\Home$\%Username%,H:,d@t@Gr11,TRUE,TRUE,ou=TML Users,Administration
Yes,Wilma,Bailey,,Corporate,,wbailey@dgse.local,140 Toro Blvd,Nashua,03062,New Hampshire,US,Tech Management Labs,Administration,132,,Office Manager,603-555-0231,,,\\dgsa-discovery.dgse.local\Home$\%Username%,H:,d@t@Gr11,TRUE,TRUE,ou=TML Users,Administration
Yes,Albert,Brinkley,,Corporate,,abrinkley@dgse.local,140 Toro Blvd,Nashua,03062,New Hampshire,US,Tech Management Labs,Administration,136,,Digital Librarian,603-555-0235,,,\\dgsa-discovery.dgse.local\Home$\%Username%,H:,d@t@Gr11,TRUE,TRUE,ou=TML Users,Administration
Yes,Richard,Dale,,Corporate,,rdale@dgse.local,140 Toro Blvd,Nashua,03062,New Hampshire,US,Tech Management Labs,Executives,1,,CEO,603-555-0100,,,\\dgsa-discovery.dgse.local\Home$\%Username%,H:,d@t@Gr11,TRUE,TRUE,ou=TML Users,Executives
Yes,George,Seward,,Corporate,,gseward@dgse.local,140 Toro Blvd,Nashua,03062,New Hampshire,US,Tech Management Labs,Finance,123,,CFO,603-555-0222,,,\\dgsa-discovery.dgse.local\Home$\%Username%,H:,d@t@Gr11,TRUE,TRUE,ou=TML Users,Finance
Yes,Elenor,Keeter,,Corporate,,ekeeter@dgse.local,140 Toro Blvd,Nashua,03062,New Hampshire,US,Tech Management Labs,Finance,124,,Financial Controller,603-555-0223,,,\\dgsa-discovery.dgse.local\Home$\%Username%,H:,d@t@Gr11,TRUE,TRUE,ou=TML Users,Finance
Yes,Joseph,Baker,,Corporate,,jbaker@dgse.local,140 Toro Blvd,Nashua,03062,New Hampshire,US,Tech Management Labs,Finance,125,,Manager Accounts Payable,603-555-0224,,,\\dgsa-discovery.dgse.local\Home$\%Username%,H:,d@t@Gr11,TRUE,TRUE,ou=TML Users,Finance
Yes,Keith,Jarrett,,Corporate,,kjarrett@dgse.local,140 Toro Blvd,Nashua,03062,New Hampshire,US,Tech Management Labs,Finance,126,,Manager Accounts Receivable,603-555-0225,,,\\dgsa-discovery.dgse.local\Home$\%Username%,H:,d@t@Gr11,TRUE,TRUE,ou=TML Users,Finance
Yes,Lisa,Propst,,Corporate,,lpropst@dgse.local,140 Toro Blvd,Nashua,03062,New Hampshire,US,Tech Management Labs,Finance,127,,Purchasing Manager,603-555-0226,,,\\dgsa-discovery.dgse.local\Home$\%Username%,H:,d@t@Gr11,TRUE,TRUE,ou=TML Users,Finance
Yes,Lorenze,Horton,,Corporate,,lhorton@dgse.local,140 Toro Blvd,Nashua,03062,New Hampshire,US,Tech Management Labs,Finance,128,,Assistant Controller,603-555-0227,,,\\dgsa-discovery.dgse.local\Home$\%Username%,H:,d@t@Gr11,TRUE,TRUE,ou=TML Users,Finance
Yes,Linda,Potts,,Corporate,,lpotts@dgse.local,140 Toro Blvd,Nashua,03062,New Hampshire,US,Tech Management Labs,Finance,129,,Finance Intern,603-555-0228,,,\\dgsa-discovery.dgse.local\Home$\%Username%,H:,d@t@Gr11,TRUE,TRUE,ou=TML Users,Finance
Yes,Ronald,Smallwood,,Corporate,,rsmallwood@dgse.local,140 Toro Blvd,Nashua,03062,New Hampshire,US,Tech Management Labs,Finance,130,,Finance Intern,603-555-0229,,,\\dgsa-discovery.dgse.local\Home$\%Username%,H:,d@t@Gr11,TRUE,TRUE,ou=TML Users,Finance
Yes,Mallory,Clarkhill,,Corporate,,mclarkhill@dgse.local,140 Toro Blvd,Nashua,03062,New Hampshire,US,Tech Management Labs,Information Technology,137,,Director IT ,603-555-0236,,,\\dgsa-discovery.dgse.local\Home$\%Username%,H:,d@t@Gr11,TRUE,TRUE,ou=TML Users,Information Technology
Yes,Elizabeth,Earp,,Corporate,,eearp@dgse.local,140 Toro Blvd,Nashua,03062,New Hampshire,US,Tech Management Labs,Information Technology,138,,Manager IT,603-555-0237,,,\\dgsa-discovery.dgse.local\Home$\%Username%,H:,d@t@Gr11,TRUE,TRUE,ou=TML Users,Information Technology
Yes,Marion,Robertson,,Corporate,,mrobertson@dgse.local,140 Toro Blvd,Nashua,03062,New Hampshire,US,Tech Management Labs,Information Technology,139,,Manager IT,603-555-0238,,,\\dgsa-discovery.dgse.local\Home$\%Username%,H:,d@t@Gr11,TRUE,TRUE,ou=TML Users,Information Technology
Yes,Shirley,Summerlin,,Corporate,,ssummerlin@dgse.local,140 Toro Blvd,Nashua,03062,New Hampshire,US,Tech Management Labs,Information Technology,140,,Dev/Ops,603-555-0239,,,\\dgsa-discovery.dgse.local\Home$\%Username%,H:,d@t@Gr11,TRUE,TRUE,ou=TML Users,Information Technology
Yes,Susan,Clark,,Corporate,,sclark@dgse.local,140 Toro Blvd,Nashua,03062,New Hampshire,US,Tech Management Labs,Information Technology,141,,IT Intern,603-555-0240,,,\\dgsa-discovery.dgse.local\Home$\%Username%,H:,d@t@Gr11,TRUE,TRUE,ou=TML Users,Information Technology
Yes,Rose,Watson,,Corporate,,rwatson@dgse.local,140 Toro Blvd,Nashua,03062,New Hampshire,US,Tech Management Labs,Information Technology,142,,IT Intern,603-555-0241,,,\\dgsa-discovery.dgse.local\Home$\%Username%,H:,d@t@Gr11,TRUE,TRUE,ou=TML Users,Information Technology
Yes,Roger,Leak,,Corporate,,rleak@dgse.local,140 Toro Blvd,Nashua,03062,New Hampshire,US,Tech Management Labs,Legal,143,,Corporate Compliance,603-555-0242,,,\\dgsa-discovery.dgse.local\Home$\%Username%,H:,d@t@Gr11,TRUE,TRUE,ou=TML Users,Legal
Yes,Jennifer,Powell,,Corporate,,jpowell@dgse.local,140 Toro Blvd,Nashua,03062,New Hampshire,US,Tech Management Labs,Legal,144,,Chief Counsel,603-555-0243,,,\\dgsa-discovery.dgse.local\Home$\%Username%,H:,d@t@Gr11,TRUE,TRUE,ou=TML Users,Legal
Yes,Alfred,Nelson,,Corporate,,anelson@dgse.local,140 Toro Blvd,Nashua,03062,New Hampshire,US,Tech Management Labs,Marketing,17,,VP Marketing,603-555-0116,,,\\dgsa-discovery.dgse.local\Home$\%Username%,H:,d@t@Gr11,TRUE,TRUE,ou=TML Users,Marketing
Yes,Janice,Price,,Corporate,,jprice@dgse.local,140 Toro Blvd,Nashua,03062,New Hampshire,US,Tech Management Labs,Marketing,18,,Director of Corporate Branding,603-555-0117,,,\\dgsa-discovery.dgse.local\Home$\%Username%,H:,d@t@Gr11,TRUE,TRUE,ou=TML Users,Marketing
Yes,James,Caudle,,Corporate,,jcaudle@dgse.local,140 Toro Blvd,Nashua,03062,New Hampshire,US,Tech Management Labs,Marketing,19,,Director of Marketing,603-555-0118,,,\\dgsa-discovery.dgse.local\Home$\%Username%,H:,d@t@Gr11,TRUE,TRUE,ou=TML Users,Marketing
Yes,Willie,Venable,,Corporate,,wvenable@dgse.local,140 Toro Blvd,Nashua,03062,New Hampshire,US,Tech Management Labs,Marketing,20,,Manager Marketing Communications ,603-555-0119,,,\\dgsa-discovery.dgse.local\Home$\%Username%,H:,d@t@Gr11,TRUE,TRUE,ou=TML Users,Marketing
Yes,William,Cooley,,Corporate,,wcooley@dgse.local,140 Toro Blvd,Nashua,03062,New Hampshire,US,Tech Management Labs,Marketing,21,,Manager Social Presence,603-555-0120,,,\\dgsa-discovery.dgse.local\Home$\%Username%,H:,d@t@Gr11,TRUE,TRUE,ou=TML Users,Marketing
Yes,Charlie,Harris,,Corporate,,charris@dgse.local,140 Toro Blvd,Nashua,03062,New Hampshire,US,Tech Management Labs,Marketing,22,,Marketing Intern,603-555-0121,,,\\dgsa-discovery.dgse.local\Home$\%Username%,H:,d@t@Gr11,TRUE,TRUE,ou=TML Users,Marketing
Yes,Elizabeth,Young,,Corporate,,eyoung@dgse.local,140 Toro Blvd,Nashua,03062,New Hampshire,US,Tech Management Labs,Marketing,23,,Marketing Intern,603-555-0122,,,\\dgsa-discovery.dgse.local\Home$\%Username%,H:,d@t@Gr11,TRUE,TRUE,ou=TML Users,Marketing
Yes,Walter,Rainey,,Corporate,,wrainey@dgse.local,140 Toro Blvd,Nashua,03062,New Hampshire,US,Tech Management Labs,Marketing,24,,Marketing Intern,603-555-0123,,,\\dgsa-discovery.dgse.local\Home$\%Username%,H:,d@t@Gr11,TRUE,TRUE,ou=TML Users,Marketing
Yes,Finn,Stainback,,Corporate,,fstainback@dgse.local,140 Toro Blvd,Nashua,03062,New Hampshire,US,Tech Management Labs,Marketing,25,,Marketing Intern,603-555-0124,,,\\dgsa-discovery.dgse.local\Home$\%Username%,H:,d@t@Gr11,TRUE,TRUE,ou=TML Users,Marketing
Yes,Clarence,Towns,,Corporate,,ctowns@dgse.local,140 Toro Blvd,Nashua,03062,New Hampshire,US,Tech Management Labs,Sales,2,,VP Sales,603-555-0101,,,\\dgsa-discovery.dgse.local\Home$\%Username%,H:,d@t@Gr11,TRUE,TRUE,ou=TML Users,Sales
Yes,Sam,Sasser,,Corporate,,ssasser@dgse.local,140 Toro Blvd,Nashua,03062,New Hampshire,US,Tech Management Labs,Sales,3,,Director of Sales,603-555-0102,,,\\dgsa-discovery.dgse.local\Home$\%Username%,H:,d@t@Gr11,TRUE,TRUE,ou=TML Users,Sales
Yes,Leon,Martin,,Corporate,,lmartin@dgse.local,140 Toro Blvd,Nashua,03062,New Hampshire,US,Tech Management Labs,Sales,4,,Director of Sales,603-555-0103,,,\\dgsa-discovery.dgse.local\Home$\%Username%,H:,d@t@Gr11,TRUE,TRUE,ou=TML Users,Sales
Yes,Wallace,Arrington,,Corporate,,warrington@dgse.local,140 Toro Blvd,Nashua,03062,New Hampshire,US,Tech Management Labs,Sales,5,,Director of Sales,603-555-0104,,,\\dgsa-discovery.dgse.local\Home$\%Username%,H:,d@t@Gr11,TRUE,TRUE,ou=TML Users,Sales
Yes,Albert,Harris,,Corporate,,aharris@dgse.local,140 Toro Blvd,Nashua,03062,New Hampshire,US,Tech Management Labs,Sales,6,,Regional Sales Manager,603-555-0105,,,\\dgsa-discovery.dgse.local\Home$\%Username%,H:,d@t@Gr11,TRUE,TRUE,ou=TML Users,Sales
Yes,Pharoah,Parker,,Corporate,,pparker@dgse.local,140 Toro Blvd,Nashua,03062,New Hampshire,US,Tech Management Labs,Sales,7,,Regional Sales Manager,603-555-0106,,,\\dgsa-discovery.dgse.local\Home$\%Username%,H:,d@t@Gr11,TRUE,TRUE,ou=TML Users,Sales
Yes,Gladys,Wilson,,Corporate,,gwilson@dgse.local,140 Toro Blvd,Nashua,03062,New Hampshire,US,Tech Management Labs,Sales,8,,Regional Sales Manager,603-555-0107,,,\\dgsa-discovery.dgse.local\Home$\%Username%,H:,d@t@Gr11,TRUE,TRUE,ou=TML Users,Sales
Yes,Ruby,Huggins,,Corporate,,rhuggins@dgse.local,140 Toro Blvd,Nashua,03062,New Hampshire,US,Tech Management Labs,Sales,9,,Inside Sales,603-555-0108,,,\\dgsa-discovery.dgse.local\Home$\%Username%,H:,d@t@Gr11,TRUE,TRUE,ou=TML Users,Sales
Yes,John,Cassady,,Corporate,,jcassady@dgse.local,140 Toro Blvd,Nashua,03062,New Hampshire,US,Tech Management Labs,Sales,10,,Inside Sales,603-555-0109,,,\\dgsa-discovery.dgse.local\Home$\%Username%,H:,d@t@Gr11,TRUE,TRUE,ou=TML Users,Sales
Yes,Delmas,Ross,,Corporate,,dross@dgse.local,140 Toro Blvd,Nashua,03062,New Hampshire,US,Tech Management Labs,Sales,11,,Inside Sales,603-555-0110,,,\\dgsa-discovery.dgse.local\Home$\%Username%,H:,d@t@Gr11,TRUE,TRUE,ou=TML Users,Sales
Yes,Nancy,Bolan,,Corporate,,nbolan@dgse.local,140 Toro Blvd,Nashua,03062,New Hampshire,US,Tech Management Labs,Sales,12,,Inside Sales,603-555-0111,,,\\dgsa-discovery.dgse.local\Home$\%Username%,H:,d@t@Gr11,TRUE,TRUE,ou=TML Users,Sales
Yes,Perlina,Frederick,,Corporate,,pfrederick@dgse.local,140 Toro Blvd,Nashua,03062,New Hampshire,US,Tech Management Labs,Sales,13,,Inside Sales ,603-555-0112,,,\\dgsa-discovery.dgse.local\Home$\%Username%,H:,d@t@Gr11,TRUE,TRUE,ou=TML Users,Sales
Yes,Doctor,Lucas,,Corporate,,dlucas@dgse.local,140 Toro Blvd,Nashua,03062,New Hampshire,US,Tech Management Labs,Sales,14,,Inside Sales,603-555-0113,,,\\dgsa-discovery.dgse.local\Home$\%Username%,H:,d@t@Gr11,TRUE,TRUE,ou=TML Users,Sales
Yes,Rebecca,Ray,,Corporate,,rray@dgse.local,140 Toro Blvd,Nashua,03062,New Hampshire,US,Tech Management Labs,Sales,15,,Inside Sales,603-555-0114,,,\\dgsa-discovery.dgse.local\Home$\%Username%,H:,d@t@Gr11,TRUE,TRUE,ou=TML Users,Sales
Yes,Mozell,Flood,,Corporate,,mflood@dgse.local,140 Toro Blvd,Nashua,03062,New Hampshire,US,Tech Management Labs,Sales,16,,Inside Sales,603-555-0115,,,\\dgsa-discovery.dgse.local\Home$\%Username%,H:,d@t@Gr11,TRUE,TRUE,ou=TML Users,Sales
Yes,Charlie,Burchette,,Corporate,,cburchette@dgse.local,140 Toro Blvd,Nashua,03062,New Hampshire,US,Tech Management Labs,Technical Services,26,,VP Technical Services ,603-555-0125,,,\\dgsa-discovery.dgse.local\Home$\%Username%,H:,d@t@Gr11,TRUE,TRUE,ou=TML Users,Technical Services
Yes,Percy,Lamm,,Corporate,,plamm@dgse.local,140 Toro Blvd,Nashua,03062,New Hampshire,US,Tech Management Labs,Technical Services,27,,Director Project Management,603-555-0126,,,\\dgsa-discovery.dgse.local\Home$\%Username%,H:,d@t@Gr11,TRUE,TRUE,ou=TML Users,Technical Services
Yes,Melvin,Hayes,,Corporate,,mhayes@dgse.local,140 Toro Blvd,Nashua,03062,New Hampshire,US,Tech Management Labs,Technical Services,28,,Project Manager,603-555-0127,,,\\dgsa-discovery.dgse.local\Home$\%Username%,H:,d@t@Gr11,TRUE,TRUE,ou=TML Users,Technical Services
Yes,Thomas,Cooke,,Corporate,,tcooke@dgse.local,140 Toro Blvd,Nashua,03062,New Hampshire,US,Tech Management Labs,Technical Services,29,,Project Manager,603-555-0128,,,\\dgsa-discovery.dgse.local\Home$\%Username%,H:,d@t@Gr11,TRUE,TRUE,ou=TML Users,Technical Services
Yes,William,Holloman,,Corporate,,wholloman@dgse.local,140 Toro Blvd,Nashua,03062,New Hampshire,US,Tech Management Labs,Technical Services,30,,Project Manager,603-555-0129,,,\\dgsa-discovery.dgse.local\Home$\%Username%,H:,d@t@Gr11,TRUE,TRUE,ou=TML Users,Technical Services
Yes,Florene,Manning,,Corporate,,fmanning@dgse.local,140 Toro Blvd,Nashua,03062,New Hampshire,US,Tech Management Labs,Technical Services,31,,Project Manager,603-555-0130,,,\\dgsa-discovery.dgse.local\Home$\%Username%,H:,d@t@Gr11,TRUE,TRUE,ou=TML Users,Technical Services
Yes,Bernice,Stephenson,,Corporate,,bstephenson@dgse.local,140 Toro Blvd,Nashua,03062,New Hampshire,US,Tech Management Labs,Technical Services,32,,Senior Software Engineer,603-555-0131,,,\\dgsa-discovery.dgse.local\Home$\%Username%,H:,d@t@Gr11,TRUE,TRUE,ou=TML Users,Technical Services
Yes,Effie,Copeland,,Corporate,,ecopeland@dgse.local,140 Toro Blvd,Nashua,03062,New Hampshire,US,Tech Management Labs,Technical Services,33,,Senior Software Engineer,603-555-0132,,,\\dgsa-discovery.dgse.local\Home$\%Username%,H:,d@t@Gr11,TRUE,TRUE,ou=TML Users,Technical Services
Yes,Dannie,Hutto,,Corporate,,dhutto@dgse.local,140 Toro Blvd,Nashua,03062,New Hampshire,US,Tech Management Labs,Technical Services,34,,Senior Software Engineer,603-555-0133,,,\\dgsa-discovery.dgse.local\Home$\%Username%,H:,d@t@Gr11,TRUE,TRUE,ou=TML Users,Technical Services
Yes,Leonidas,English,,Corporate,,lenglish@dgse.local,140 Toro Blvd,Nashua,03062,New Hampshire,US,Tech Management Labs,Technical Services,35,,Senior Software Engineer,603-555-0134,,,\\dgsa-discovery.dgse.local\Home$\%Username%,H:,d@t@Gr11,TRUE,TRUE,ou=TML Users,Technical Services
Yes,Catherine,Matthews,,Corporate,,cmatthews@dgse.local,140 Toro Blvd,Nashua,03062,New Hampshire,US,Tech Management Labs,Technical Services,36,,Senior Software Engineer,603-555-0135,,,\\dgsa-discovery.dgse.local\Home$\%Username%,H:,d@t@Gr11,TRUE,TRUE,ou=TML Users,Technical Services
Yes,Roy,Peace,,Corporate,,rpeace@dgse.local,140 Toro Blvd,Nashua,03062,New Hampshire,US,Tech Management Labs,Technical Services,37,,Senior Software Engineer,603-555-0136,,,\\dgsa-discovery.dgse.local\Home$\%Username%,H:,d@t@Gr11,TRUE,TRUE,ou=TML Users,Technical Services
Yes,Thomas,Aycock,,Corporate,,taycock@dgse.local,140 Toro Blvd,Nashua,03062,New Hampshire,US,Tech Management Labs,Technical Services,38,,Principal Software Engineer,603-555-0137,,,\\dgsa-discovery.dgse.local\Home$\%Username%,H:,d@t@Gr11,TRUE,TRUE,ou=TML Users,Technical Services
Yes,James,Warlick,,Corporate,,jwarlick@dgse.local,140 Toro Blvd,Nashua,03062,New Hampshire,US,Tech Management Labs,Technical Services,39,,Principal Software Engineer,603-555-0138,,,\\dgsa-discovery.dgse.local\Home$\%Username%,H:,d@t@Gr11,TRUE,TRUE,ou=TML Users,Technical Services
Yes,Moring,Sanders,,Corporate,,msanders@dgse.local,140 Toro Blvd,Nashua,03062,New Hampshire,US,Tech Management Labs,Technical Services,40,,Principal Software Engineer,603-555-0139,,,\\dgsa-discovery.dgse.local\Home$\%Username%,H:,d@t@Gr11,TRUE,TRUE,ou=TML Users,Technical Services
Yes,Tressie,Walston,,Corporate,,twalston@dgse.local,140 Toro Blvd,Nashua,03062,New Hampshire,US,Tech Management Labs,Technical Services,41,,Software Engineer,603-555-0140,,,\\dgsa-discovery.dgse.local\Home$\%Username%,H:,d@t@Gr11,TRUE,TRUE,ou=TML Users,Technical Services
Yes,Eddie,Mozingo,,Corporate,,emozingo@dgse.local,140 Toro Blvd,Nashua,03062,New Hampshire,US,Tech Management Labs,Technical Services,42,,Software Engineer,603-555-0141,,,\\dgsa-discovery.dgse.local\Home$\%Username%,H:,d@t@Gr11,TRUE,TRUE,ou=TML Users,Technical Services
Yes,Nancy,Johnson,,Corporate,,njohnson@dgse.local,140 Toro Blvd,Nashua,03062,New Hampshire,US,Tech Management Labs,Technical Services,43,,Software Engineer,603-555-0142,,,\\dgsa-discovery.dgse.local\Home$\%Username%,H:,d@t@Gr11,TRUE,TRUE,ou=TML Users,Technical Services
Yes,Villie,Smith,,Corporate,,vsmith@dgse.local,140 Toro Blvd,Nashua,03062,New Hampshire,US,Tech Management Labs,Technical Services,44,,Software Engineer,603-555-0143,,,\\dgsa-discovery.dgse.local\Home$\%Username%,H:,d@t@Gr11,TRUE,TRUE,ou=TML Users,Technical Services
Yes,Talmon,Harris,,Corporate,,tharris@dgse.local,140 Toro Blvd,Nashua,03062,New Hampshire,US,Tech Management Labs,Technical Services,45,,Software Engineer,603-555-0144,,,\\dgsa-discovery.dgse.local\Home$\%Username%,H:,d@t@Gr11,TRUE,TRUE,ou=TML Users,Technical Services
Yes,Clarence,Evans,,Corporate,,cevans@dgse.local,140 Toro Blvd,Nashua,03062,New Hampshire,US,Tech Management Labs,Technical Services,46,,Software Engineer,603-555-0145,,,\\dgsa-discovery.dgse.local\Home$\%Username%,H:,d@t@Gr11,TRUE,TRUE,ou=TML Users,Technical Services
Yes,Bemia,Black,,Corporate,,bblack@dgse.local,140 Toro Blvd,Nashua,03062,New Hampshire,US,Tech Management Labs,Technical Services,47,,Software Engineer,603-555-0146,,,\\dgsa-discovery.dgse.local\Home$\%Username%,H:,d@t@Gr11,TRUE,TRUE,ou=TML Users,Technical Services
Yes,Macie,Mclean,,Corporate,,mmclean@dgse.local,140 Toro Blvd,Nashua,03062,New Hampshire,US,Tech Management Labs,Technical Services,48,,Software Engineer,603-555-0147,,,\\dgsa-discovery.dgse.local\Home$\%Username%,H:,d@t@Gr11,TRUE,TRUE,ou=TML Users,Technical Services
Yes,Suiter,Stokes,,Corporate,,sstokes@dgse.local,140 Toro Blvd,Nashua,03062,New Hampshire,US,Tech Management Labs,Technical Services,49,,Software Engineer,603-555-0148,,,\\dgsa-discovery.dgse.local\Home$\%Username%,H:,d@t@Gr11,TRUE,TRUE,ou=TML Users,Technical Services
Yes,Hazel,Carroll,,Corporate,,hcarroll@dgse.local,140 Toro Blvd,Nashua,03062,New Hampshire,US,Tech Management Labs,Technical Services,50,,Software Engineer,603-555-0149,,,\\dgsa-discovery.dgse.local\Home$\%Username%,H:,d@t@Gr11,TRUE,TRUE,ou=TML Users,Technical Services
Yes,Willie,Wilson,,Corporate,,wwilson@dgse.local,140 Toro Blvd,Nashua,03062,New Hampshire,US,Tech Management Labs,Technical Services,51,,Sharepoint Engineer,603-555-0150,,,\\dgsa-discovery.dgse.local\Home$\%Username%,H:,d@t@Gr11,TRUE,TRUE,ou=TML Users,Technical Services
Yes,Tarbart,Medlin,,Corporate,,tmedlin@dgse.local,140 Toro Blvd,Nashua,03062,New Hampshire,US,Tech Management Labs,Technical Services,52,,Sharepoint Engineer,603-555-0151,,,\\dgsa-discovery.dgse.local\Home$\%Username%,H:,d@t@Gr11,TRUE,TRUE,ou=TML Users,Technical Services
Yes,Howard,Campbell,,Corporate,,hcampbell@dgse.local,140 Toro Blvd,Nashua,03062,New Hampshire,US,Tech Management Labs,Technical Services,53,,Sharepoint Engineer,603-555-0152,,,\\dgsa-discovery.dgse.local\Home$\%Username%,H:,d@t@Gr11,TRUE,TRUE,ou=TML Users,Technical Services
Yes,Agnes,Harless,,Corporate,,aharless@dgse.local,140 Toro Blvd,Nashua,03062,New Hampshire,US,Tech Management Labs,Technical Services,54,,Software Engineer,603-555-0153,,,\\dgsa-discovery.dgse.local\Home$\%Username%,H:,d@t@Gr11,TRUE,TRUE,ou=TML Users,Technical Services
Yes,Alice,Griffith,,Corporate,,agriffith@dgse.local,140 Toro Blvd,Nashua,03062,New Hampshire,US,Tech Management Labs,Technical Services,55,,Software Engineer,603-555-0154,,,\\dgsa-discovery.dgse.local\Home$\%Username%,H:,d@t@Gr11,TRUE,TRUE,ou=TML Users,Technical Services
Yes,Thomas,Brigs,,Corporate,,tbrigs@dgse.local,140 Toro Blvd,Nashua,03062,New Hampshire,US,Tech Management Labs,Technical Services,56,,Software Engineer,603-555-0155,,,\\dgsa-discovery.dgse.local\Home$\%Username%,H:,d@t@Gr11,TRUE,TRUE,ou=TML Users,Technical Services
Yes,Leonard,Hannah,,Corporate,,lhannah@dgse.local,140 Toro Blvd,Nashua,03062,New Hampshire,US,Tech Management Labs,Technical Services,57,,Software Engineer,603-555-0156,,,\\dgsa-discovery.dgse.local\Home$\%Username%,H:,d@t@Gr11,TRUE,TRUE,ou=TML Users,Technical Services
Yes,George,Judd,,Corporate,,gjudd@dgse.local,140 Toro Blvd,Nashua,03062,New Hampshire,US,Tech Management Labs,Technical Services,58,,Software Engineer,603-555-0157,,,\\dgsa-discovery.dgse.local\Home$\%Username%,H:,d@t@Gr11,TRUE,TRUE,ou=TML Users,Technical Services
Yes,Eddie,Jarrell,,Corporate,,ejarrell@dgse.local,140 Toro Blvd,Nashua,03062,New Hampshire,US,Tech Management Labs,Technical Services,59,,Software Engineer,603-555-0158,,,\\dgsa-discovery.dgse.local\Home$\%Username%,H:,d@t@Gr11,TRUE,TRUE,ou=TML Users,Technical Services
Yes,Everett,Rhodes,,Corporate,,erhodes@dgse.local,140 Toro Blvd,Nashua,03062,New Hampshire,US,Tech Management Labs,Technical Services,60,,Software Engineer,603-555-0159,,,\\dgsa-discovery.dgse.local\Home$\%Username%,H:,d@t@Gr11,TRUE,TRUE,ou=TML Users,Technical Services
Yes,Virginia,Rohlfs,,Corporate,,vrohlfs@dgse.local,140 Toro Blvd,Nashua,03062,New Hampshire,US,Tech Management Labs,Technical Services,61,,Software Engineer,603-555-0160,,,\\dgsa-discovery.dgse.local\Home$\%Username%,H:,d@t@Gr11,TRUE,TRUE,ou=TML Users,Technical Services
Yes,Charles,Williams,,Corporate,,cwilliams@dgse.local,140 Toro Blvd,Nashua,03062,New Hampshire,US,Tech Management Labs,Technical Services,62,,Software Engineer,603-555-0161,,,\\dgsa-discovery.dgse.local\Home$\%Username%,H:,d@t@Gr11,TRUE,TRUE,ou=TML Users,Technical Services
Yes,Elizabeth,Langley,,Corporate,,elangley@dgse.local,140 Toro Blvd,Nashua,03062,New Hampshire,US,Tech Management Labs,Technical Services,63,,Software Engineer,603-555-0162,,,\\dgsa-discovery.dgse.local\Home$\%Username%,H:,d@t@Gr11,TRUE,TRUE,ou=TML Users,Technical Services
Yes,Numa,Young,,Corporate,,nyoung@dgse.local,140 Toro Blvd,Nashua,03062,New Hampshire,US,Tech Management Labs,Technical Services,64,,Software Engineer,603-555-0163,,,\\dgsa-discovery.dgse.local\Home$\%Username%,H:,d@t@Gr11,TRUE,TRUE,ou=TML Users,Technical Services
Yes,Bruce,Rhodes,,Corporate,,brhodes@dgse.local,140 Toro Blvd,Nashua,03062,New Hampshire,US,Tech Management Labs,Technical Services,65,,Software Engineer,603-555-0164,,,\\dgsa-discovery.dgse.local\Home$\%Username%,H:,d@t@Gr11,TRUE,TRUE,ou=TML Users,Technical Services
Yes,Wallace,Underhill,,Corporate,,wunderhill@dgse.local,140 Toro Blvd,Nashua,03062,New Hampshire,US,Tech Management Labs,Technical Services,66,,Software Engineer,603-555-0165,,,\\dgsa-discovery.dgse.local\Home$\%Username%,H:,d@t@Gr11,TRUE,TRUE,ou=TML Users,Technical Services
Yes,Edward,Bullock,,Corporate,,ebullock@dgse.local,140 Toro Blvd,Nashua,03062,New Hampshire,US,Tech Management Labs,Technical Services,67,,Software Engineer,603-555-0166,,,\\dgsa-discovery.dgse.local\Home$\%Username%,H:,d@t@Gr11,TRUE,TRUE,ou=TML Users,Technical Services
Yes,Sarah,Brown,,Corporate,,sbrown@dgse.local,140 Toro Blvd,Nashua,03062,New Hampshire,US,Tech Management Labs,Technical Services,68,,Manager of Engineering,603-555-0167,,,\\dgsa-discovery.dgse.local\Home$\%Username%,H:,d@t@Gr11,TRUE,TRUE,ou=TML Users,Technical Services
Yes,Charles,Lee,,Corporate,,clee@dgse.local,140 Toro Blvd,Nashua,03062,New Hampshire,US,Tech Management Labs,Technical Services,69,,Manager of Engineering,603-555-0168,,,\\dgsa-discovery.dgse.local\Home$\%Username%,H:,d@t@Gr11,TRUE,TRUE,ou=TML Users,Technical Services
Yes,Virginia,Wood,,Corporate,,vwood@dgse.local,140 Toro Blvd,Nashua,03062,New Hampshire,US,Tech Management Labs,Technical Services,70,,Manager of Engineering,603-555-0169,,,\\dgsa-discovery.dgse.local\Home$\%Username%,H:,d@t@Gr11,TRUE,TRUE,ou=TML Users,Technical Services
Yes,Violet,Chamblee,,Corporate,,vchamblee@dgse.local,140 Toro Blvd,Nashua,03062,New Hampshire,US,Tech Management Labs,Technical Services,71,,Manager of Engineering,603-555-0170,,,\\dgsa-discovery.dgse.local\Home$\%Username%,H:,d@t@Gr11,TRUE,TRUE,ou=TML Users,Technical Services
Yes,George,Bobbitt,,Corporate,,gbobbitt@dgse.local,140 Toro Blvd,Nashua,03062,New Hampshire,US,Tech Management Labs,Technical Services,72,,Software Engineer,603-555-0171,,,\\dgsa-discovery.dgse.local\Home$\%Username%,H:,d@t@Gr11,TRUE,TRUE,ou=TML Users,Technical Services
Yes,Carlton,Travis,,Corporate,,ctravis@dgse.local,140 Toro Blvd,Nashua,03062,New Hampshire,US,Tech Management Labs,Technical Services,73,,Software Engineer,603-555-0172,,,\\dgsa-discovery.dgse.local\Home$\%Username%,H:,d@t@Gr11,TRUE,TRUE,ou=TML Users,Technical Services
Yes,Miriam,Jones,,Corporate,,mjones@dgse.local,140 Toro Blvd,Nashua,03062,New Hampshire,US,Tech Management Labs,Technical Services,74,,Software Engineer,603-555-0173,,,\\dgsa-discovery.dgse.local\Home$\%Username%,H:,d@t@Gr11,TRUE,TRUE,ou=TML Users,Technical Services
Yes,Ervin,Pearce,,Corporate,,epearce@dgse.local,140 Toro Blvd,Nashua,03062,New Hampshire,US,Tech Management Labs,Technical Services,75,,Software Engineer,603-555-0174,,,\\dgsa-discovery.dgse.local\Home$\%Username%,H:,d@t@Gr11,TRUE,TRUE,ou=TML Users,Technical Services
Yes,Charles,Newcomb,,Corporate,,cnewcomb@dgse.local,140 Toro Blvd,Nashua,03062,New Hampshire,US,Tech Management Labs,Technical Services,76,,Software Engineer,603-555-0175,,,\\dgsa-discovery.dgse.local\Home$\%Username%,H:,d@t@Gr11,TRUE,TRUE,ou=TML Users,Technical Services
Yes,Lou,Thomas,,Corporate,,lthomas@dgse.local,140 Toro Blvd,Nashua,03062,New Hampshire,US,Tech Management Labs,Technical Services,77,,Software Engineer,603-555-0176,,,\\dgsa-discovery.dgse.local\Home$\%Username%,H:,d@t@Gr11,TRUE,TRUE,ou=TML Users,Technical Services
Yes,Waqqas,Barque,,Corporate,,wbarque@dgse.local,140 Toro Blvd,Nashua,03062,New Hampshire,US,Tech Management Labs,Technical Services,78,,Software Engineer,603-555-0177,,,\\dgsa-discovery.dgse.local\Home$\%Username%,H:,d@t@Gr11,TRUE,TRUE,ou=TML Users,Technical Services
Yes,Henry,Howell,,Corporate,,hhowell@dgse.local,140 Toro Blvd,Nashua,03062,New Hampshire,US,Tech Management Labs,Technical Services,79,,Software Engineer,603-555-0178,,,\\dgsa-discovery.dgse.local\Home$\%Username%,H:,d@t@Gr11,TRUE,TRUE,ou=TML Users,Technical Services
Yes,Mary,Nooney,,Corporate,,mnooney@dgse.local,140 Toro Blvd,Nashua,03062,New Hampshire,US,Tech Management Labs,Technical Services,80,,Software Engineer,603-555-0179,,,\\dgsa-discovery.dgse.local\Home$\%Username%,H:,d@t@Gr11,TRUE,TRUE,ou=TML Users,Technical Services
Yes,Dorothy,Pickral,,Corporate,,dpickral@dgse.local,140 Toro Blvd,Nashua,03062,New Hampshire,US,Tech Management Labs,Technical Services,81,,Software Engineer,603-555-0180,,,\\dgsa-discovery.dgse.local\Home$\%Username%,H:,d@t@Gr11,TRUE,TRUE,ou=TML Users,Technical Services
Yes,Mildred,Long,,Corporate,,mlong@dgse.local,140 Toro Blvd,Nashua,03062,New Hampshire,US,Tech Management Labs,Technical Services,82,,Manager of Engineering,603-555-0181,,,\\dgsa-discovery.dgse.local\Home$\%Username%,H:,d@t@Gr11,TRUE,TRUE,ou=TML Users,Technical Services
Yes,Helen,Williams,,Corporate,,hwilliams@dgse.local,140 Toro Blvd,Nashua,03062,New Hampshire,US,Tech Management Labs,Technical Services,83,,Software Engineer,603-555-0182,,,\\dgsa-discovery.dgse.local\Home$\%Username%,H:,d@t@Gr11,TRUE,TRUE,ou=TML Users,Technical Services
Yes,Daisy,Pearce,,Corporate,,dpearce@dgse.local,140 Toro Blvd,Nashua,03062,New Hampshire,US,Tech Management Labs,Technical Services,84,,Software Engineer,603-555-0183,,,\\dgsa-discovery.dgse.local\Home$\%Username%,H:,d@t@Gr11,TRUE,TRUE,ou=TML Users,Technical Services
Yes,Goldie,Hayman,,Corporate,,ghayman@dgse.local,140 Toro Blvd,Nashua,03062,New Hampshire,US,Tech Management Labs,Technical Services,85,,Software Engineer,603-555-0184,,,\\dgsa-discovery.dgse.local\Home$\%Username%,H:,d@t@Gr11,TRUE,TRUE,ou=TML Users,Technical Services
Yes,Louise,Pennix,,Corporate,,lpennix@dgse.local,140 Toro Blvd,Nashua,03062,New Hampshire,US,Tech Management Labs,Technical Services,86,,Software Engineer,603-555-0185,,,\\dgsa-discovery.dgse.local\Home$\%Username%,H:,d@t@Gr11,TRUE,TRUE,ou=TML Users,Technical Services
Yes,Russell,Broughton,,Corporate,,rbroughton@dgse.local,140 Toro Blvd,Nashua,03062,New Hampshire,US,Tech Management Labs,Technical Services,87,,Software Engineer,603-555-0186,,,\\dgsa-discovery.dgse.local\Home$\%Username%,H:,d@t@Gr11,TRUE,TRUE,ou=TML Users,Technical Services
Yes,David,Barbour,,Corporate,,dbarbour@dgse.local,140 Toro Blvd,Nashua,03062,New Hampshire,US,Tech Management Labs,Technical Services,88,,Software Engineer,603-555-0187,,,\\dgsa-discovery.dgse.local\Home$\%Username%,H:,d@t@Gr11,TRUE,TRUE,ou=TML Users,Technical Services
Yes,Lillie,Moore,,Corporate,,lmoore@dgse.local,140 Toro Blvd,Nashua,03062,New Hampshire,US,Tech Management Labs,Technical Services,89,,Business Intelligence Analyst,603-555-0188,,,\\dgsa-discovery.dgse.local\Home$\%Username%,H:,d@t@Gr11,TRUE,TRUE,ou=TML Users,Technical Services
Yes,Pearl,Rose,,Corporate,,prose@dgse.local,140 Toro Blvd,Nashua,03062,New Hampshire,US,Tech Management Labs,Technical Services,90,,Business Intelligence Analyst,603-555-0189,,,\\dgsa-discovery.dgse.local\Home$\%Username%,H:,d@t@Gr11,TRUE,TRUE,ou=TML Users,Technical Services
Yes,Roosevelt,Hilliard,,Corporate,,rhilliard@dgse.local,140 Toro Blvd,Nashua,03062,New Hampshire,US,Tech Management Labs,Technical Services,91,,Business Intelligence Analyst,603-555-0190,,,\\dgsa-discovery.dgse.local\Home$\%Username%,H:,d@t@Gr11,TRUE,TRUE,ou=TML Users,Technical Services
Yes,Marie,Barlow,,Corporate,,mbarlow@dgse.local,140 Toro Blvd,Nashua,03062,New Hampshire,US,Tech Management Labs,Technical Services,92,,Business Intelligence Analyst,603-555-0191,,,\\dgsa-discovery.dgse.local\Home$\%Username%,H:,d@t@Gr11,TRUE,TRUE,ou=TML Users,Technical Services
Yes,Idell,Allen,,Corporate,,iallen@dgse.local,140 Toro Blvd,Nashua,03062,New Hampshire,US,Tech Management Labs,Technical Services,93,,Business Intelligence Analyst,603-555-0192,,,\\dgsa-discovery.dgse.local\Home$\%Username%,H:,d@t@Gr11,TRUE,TRUE,ou=TML Users,Technical Services
Yes,Sadie,Strickland,,Corporate,,sstrickland@dgse.local,140 Toro Blvd,Nashua,03062,New Hampshire,US,Tech Management Labs,Technical Services,94,,Business Intelligence Analyst,603-555-0193,,,\\dgsa-discovery.dgse.local\Home$\%Username%,H:,d@t@Gr11,TRUE,TRUE,ou=TML Users,Technical Services
Yes,Dorothy,Johnson,,Corporate,,djohnson@dgse.local,140 Toro Blvd,Nashua,03062,New Hampshire,US,Tech Management Labs,Technical Services,95,,Business Intelligence Analyst,603-555-0194,,,\\dgsa-discovery.dgse.local\Home$\%Username%,H:,d@t@Gr11,TRUE,TRUE,ou=TML Users,Technical Services
Yes,Leo,Ennis,,Corporate,,lennis@dgse.local,140 Toro Blvd,Nashua,03062,New Hampshire,US,Tech Management Labs,Technical Services,96,,Business Intelligence Analyst,603-555-0195,,,\\dgsa-discovery.dgse.local\Home$\%Username%,H:,d@t@Gr11,TRUE,TRUE,ou=TML Users,Technical Services
Yes,William,Allen,,Corporate,,wallen@dgse.local,140 Toro Blvd,Nashua,03062,New Hampshire,US,Tech Management Labs,Technical Services,97,,Business Intelligence Analyst,603-555-0196,,,\\dgsa-discovery.dgse.local\Home$\%Username%,H:,d@t@Gr11,TRUE,TRUE,ou=TML Users,Technical Services
Yes,Henry,Mial,,Corporate,,hmial@dgse.local,140 Toro Blvd,Nashua,03062,New Hampshire,US,Tech Management Labs,Technical Services,98,,Programmer Analyst,603-555-0197,,,\\dgsa-discovery.dgse.local\Home$\%Username%,H:,d@t@Gr11,TRUE,TRUE,ou=TML Users,Technical Services
Yes,Howard,Midgette,,Corporate,,hmidgette@dgse.local,140 Toro Blvd,Nashua,03062,New Hampshire,US,Tech Management Labs,Technical Services,99,,Programmer Analyst,603-555-0198,,,\\dgsa-discovery.dgse.local\Home$\%Username%,H:,d@t@Gr11,TRUE,TRUE,ou=TML Users,Technical Services
Yes,Mildred,Johnson,,Corporate,,mjohnson@dgse.local,140 Toro Blvd,Nashua,03062,New Hampshire,US,Tech Management Labs,Technical Services,100,,Programmer Analyst,603-555-0199,,,\\dgsa-discovery.dgse.local\Home$\%Username%,H:,d@t@Gr11,TRUE,TRUE,ou=TML Users,Technical Services
Yes,Katherine,Tart,,Corporate,,ktart@dgse.local,140 Toro Blvd,Nashua,03062,New Hampshire,US,Tech Management Labs,Technical Services,101,,Data Scientist,603-555-0200,,,\\dgsa-discovery.dgse.local\Home$\%Username%,H:,d@t@Gr11,TRUE,TRUE,ou=TML Users,Technical Services
Yes,Rupert,Rouse,,Corporate,,rrouse@dgse.local,140 Toro Blvd,Nashua,03062,New Hampshire,US,Tech Management Labs,Technical Services,102,,Data Scientist,603-555-0201,,,\\dgsa-discovery.dgse.local\Home$\%Username%,H:,d@t@Gr11,TRUE,TRUE,ou=TML Users,Technical Services
Yes,Robert,Whitley,,Corporate,,rwhitley@dgse.local,140 Toro Blvd,Nashua,03062,New Hampshire,US,Tech Management Labs,Technical Services,103,,Data Scientist,603-555-0202,,,\\dgsa-discovery.dgse.local\Home$\%Username%,H:,d@t@Gr11,TRUE,TRUE,ou=TML Users,Technical Services
Yes,Edward,Brown,,Corporate,,ebrown@dgse.local,140 Toro Blvd,Nashua,03062,New Hampshire,US,Tech Management Labs,Technical Services,104,,Data Scientist,603-555-0203,,,\\dgsa-discovery.dgse.local\Home$\%Username%,H:,d@t@Gr11,TRUE,TRUE,ou=TML Users,Technical Services
Yes,Emanuel,Johnson,,Corporate,,ejohnson@dgse.local,140 Toro Blvd,Nashua,03062,New Hampshire,US,Tech Management Labs,Technical Services,105,,Data Scientist,603-555-0204,,,\\dgsa-discovery.dgse.local\Home$\%Username%,H:,d@t@Gr11,TRUE,TRUE,ou=TML Users,Technical Services
Yes,Leward,Stevenson,,Corporate,,lstevenson@dgse.local,140 Toro Blvd,Nashua,03062,New Hampshire,US,Tech Management Labs,Technical Services,106,,Project Manager ,603-555-0205,,,\\dgsa-discovery.dgse.local\Home$\%Username%,H:,d@t@Gr11,TRUE,TRUE,ou=TML Users,Technical Services
Yes,Catherine,Mcfaddin,,Corporate,,cmcfaddin@dgse.local,140 Toro Blvd,Nashua,03062,New Hampshire,US,Tech Management Labs,Technical Services,107,,Project Manager,603-555-0206,,,\\dgsa-discovery.dgse.local\Home$\%Username%,H:,d@t@Gr11,TRUE,TRUE,ou=TML Users,Technical Services
Yes,Hubert,Rose,,Corporate,,hrose@dgse.local,140 Toro Blvd,Nashua,03062,New Hampshire,US,Tech Management Labs,Technical Services,108,,Project Manager,603-555-0207,,,\\dgsa-discovery.dgse.local\Home$\%Username%,H:,d@t@Gr11,TRUE,TRUE,ou=TML Users,Technical Services
Yes,Nadine,Green,,Corporate,,ngreen@dgse.local,140 Toro Blvd,Nashua,03062,New Hampshire,US,Tech Management Labs,Technical Services,109,,Project Manager,603-555-0208,,,\\dgsa-discovery.dgse.local\Home$\%Username%,H:,d@t@Gr11,TRUE,TRUE,ou=TML Users,Technical Services
Yes,Aileen,Denton,,Corporate,,adenton@dgse.local,140 Toro Blvd,Nashua,03062,New Hampshire,US,Tech Management Labs,Technical Services,110,,Project Manager,603-555-0209,,,\\dgsa-discovery.dgse.local\Home$\%Username%,H:,d@t@Gr11,TRUE,TRUE,ou=TML Users,Technical Services
Yes,Marion,Martin,,Corporate,,mmartin@dgse.local,140 Toro Blvd,Nashua,03062,New Hampshire,US,Tech Management Labs,Technical Services,111,,User Experience,603-555-0210,,,\\dgsa-discovery.dgse.local\Home$\%Username%,H:,d@t@Gr11,TRUE,TRUE,ou=TML Users,Technical Services
Yes,Sue,Rooker,,Corporate,,srooker@dgse.local,140 Toro Blvd,Nashua,03062,New Hampshire,US,Tech Management Labs,Technical Services,112,,User Experience,603-555-0211,,,\\dgsa-discovery.dgse.local\Home$\%Username%,H:,d@t@Gr11,TRUE,TRUE,ou=TML Users,Technical Services
Yes,Lucille,Cole,,Corporate,,lcole@dgse.local,140 Toro Blvd,Nashua,03062,New Hampshire,US,Tech Management Labs,Technical Services,113,,User Experience,603-555-0212,,,\\dgsa-discovery.dgse.local\Home$\%Username%,H:,d@t@Gr11,TRUE,TRUE,ou=TML Users,Technical Services
Yes,Louise,Haithcock,,Corporate,,lhaithcock@dgse.local,140 Toro Blvd,Nashua,03062,New Hampshire,US,Tech Management Labs,Technical Services,114,,User Experience,603-555-0213,,,\\dgsa-discovery.dgse.local\Home$\%Username%,H:,d@t@Gr11,TRUE,TRUE,ou=TML Users,Technical Services
Yes,Anne,Rooker,,Corporate,,arooker@dgse.local,140 Toro Blvd,Nashua,03062,New Hampshire,US,Tech Management Labs,Technical Services,115,,Graphic Design,603-555-0214,,,\\dgsa-discovery.dgse.local\Home$\%Username%,H:,d@t@Gr11,TRUE,TRUE,ou=TML Users,Technical Services
Yes,Corine,Murphy,,Corporate,,cmurphy@dgse.local,140 Toro Blvd,Nashua,03062,New Hampshire,US,Tech Management Labs,Technical Services,116,,Graphic Design,603-555-0215,,,\\dgsa-discovery.dgse.local\Home$\%Username%,H:,d@t@Gr11,TRUE,TRUE,ou=TML Users,Technical Services
Yes,Mary,Mckeown,,Corporate,,mmckeown@dgse.local,140 Toro Blvd,Nashua,03062,New Hampshire,US,Tech Management Labs,Technical Services,117,,Graphic Design,603-555-0216,,,\\dgsa-discovery.dgse.local\Home$\%Username%,H:,d@t@Gr11,TRUE,TRUE,ou=TML Users,Technical Services
Yes,Margaret,Woodlief,,Corporate,,mwoodlief@dgse.local,140 Toro Blvd,Nashua,03062,New Hampshire,US,Tech Management Labs,Technical Services,118,,Graphic Design,603-555-0217,,,\\dgsa-discovery.dgse.local\Home$\%Username%,H:,d@t@Gr11,TRUE,TRUE,ou=TML Users,Technical Services
Yes,William,Howard,,Corporate,,whoward@dgse.local,140 Toro Blvd,Nashua,03062,New Hampshire,US,Tech Management Labs,Technical Services,119,,Technical Services Intern,603-555-0218,,,\\dgsa-discovery.dgse.local\Home$\%Username%,H:,d@t@Gr11,TRUE,TRUE,ou=TML Users,Technical Services
Yes,Raymond,Fellers,,Corporate,,rfellers@dgse.local,140 Toro Blvd,Nashua,03062,New Hampshire,US,Tech Management Labs,Technical Services,120,,Technical Services Intern,603-555-0219,,,\\dgsa-discovery.dgse.local\Home$\%Username%,H:,d@t@Gr11,TRUE,TRUE,ou=TML Users,Technical Services
Yes,Millard,Barker,,Corporate,,mbarker@dgse.local,140 Toro Blvd,Nashua,03062,New Hampshire,US,Tech Management Labs,Technical Services,121,,Technical Services Intern,603-555-0220,,,\\dgsa-discovery.dgse.local\Home$\%Username%,H:,d@t@Gr11,TRUE,TRUE,ou=TML Users,Technical Services
Yes,James,Joyner,,Corporate,,jjoyner@dgse.local,140 Toro Blvd,Nashua,03062,New Hampshire,US,Tech Management Labs,Technical Services,122,,Technical Services Intern,603-555-0221,,,\\dgsa-discovery.dgse.local\Home$\%Username%,H:,d@t@Gr11,TRUE,TRUE,ou=TML Users,Technical Services
Yes,Roger,Franklinjr,,Corporate,,rfranklinjr@dgse.local,140 Toro Blvd,Nashua,03062,New Hampshire,US,Tech Management Labs,Technical Services,133,,Support Engineer,603-555-0232,,,\\dgsa-discovery.dgse.local\Home$\%Username%,H:,d@t@Gr11,TRUE,TRUE,ou=TML Users,Technical Services
Yes,Brenda,Franklin,,Corporate,,bfranklin@dgse.local,140 Toro Blvd,Nashua,03062,New Hampshire,US,Tech Management Labs,Technical Services,134,,Support Engineer,603-555-0233,,,\\dgsa-discovery.dgse.local\Home$\%Username%,H:,d@t@Gr11,TRUE,TRUE,ou=TML Users,Technical Services
Yes,Mohamed,Waqqas,,Corporate,,mwaqqas@dgse.local,140 Toro Blvd,Nashua,03062,New Hampshire,US,Tech Management Labs,Technical Services,135,,Support Engineer,603-555-0234,,,\\dgsa-discovery.dgse.local\Home$\%Username%,H:,d@t@Gr11,TRUE,TRUE,ou=TML Users,Technical Services
Yes,Max,Cappa,,Corporate,,mcappa@dgse.local,140 Toro Blvd,Nashua,03062,New Hampshire,US,Tech Management Labs,Administration,131,,Executive Assistant,603-555-0230,,,\\dgsa-discovery.dgse.local\Home$\%Username%,H:,d@t@Gr11,TRUE,TRUE,ou=TML Users,Administration
Yes,Maxie,Cappaert,,Corporate,,mcappaert@dgse.local,140 Toro Blvd,Nashua,03062,New Hampshire,US,Tech Management Labs,Administration,132,,Office Manager,603-555-0231,,,\\dgsa-discovery.dgse.local\Home$\%Username%,H:,d@t@Gr11,TRUE,TRUE,ou=TML Users,Administration
Yes,Maxima,Capparelli,,Corporate,,mcapparelli@dgse.local,140 Toro Blvd,Nashua,03062,New Hampshire,US,Tech Management Labs,Administration,136,,Digital Librarian,603-555-0235,,,\\dgsa-discovery.dgse.local\Home$\%Username%,H:,d@t@Gr11,TRUE,TRUE,ou=TML Users,Administration
Yes,Maximina,Cappas,,Corporate,,mcappas@dgse.local,140 Toro Blvd,Nashua,03062,New Hampshire,US,Tech Management Labs,Executives,145,,President,603-555-0100,,,\\dgsa-discovery.dgse.local\Home$\%Username%,H:,d@t@Gr11,TRUE,TRUE,ou=TML Users,Executives
Yes,Maximo,Cappel,,Corporate,,mcappel@dgse.local,140 Toro Blvd,Nashua,03062,New Hampshire,US,Tech Management Labs,Finance,146,,VP Auditing,603-555-0222,,,\\dgsa-discovery.dgse.local\Home$\%Username%,H:,d@t@Gr11,TRUE,TRUE,ou=TML Users,Finance
Yes,Maxine,Cappellano,,Corporate,,mcappellano@dgse.local,140 Toro Blvd,Nashua,03062,New Hampshire,US,Tech Management Labs,Finance,147,,Financial Controller,603-555-0223,,,\\dgsa-discovery.dgse.local\Home$\%Username%,H:,d@t@Gr11,TRUE,TRUE,ou=TML Users,Finance
Yes,Maxwell,Cappelletti,,Corporate,,mcappelletti@dgse.local,140 Toro Blvd,Nashua,03062,New Hampshire,US,Tech Management Labs,Finance,148,,Manager Accounts Payable,603-555-0224,,,\\dgsa-discovery.dgse.local\Home$\%Username%,H:,d@t@Gr11,TRUE,TRUE,ou=TML Users,Finance
Yes,May,Cappelli,,Corporate,,mcappelli@dgse.local,140 Toro Blvd,Nashua,03062,New Hampshire,US,Tech Management Labs,Finance,149,,Manager Accounts Receivable,603-555-0225,,,\\dgsa-discovery.dgse.local\Home$\%Username%,H:,d@t@Gr11,TRUE,TRUE,ou=TML Users,Finance
Yes,Maya,Cappellini,,Corporate,,mcappellini@dgse.local,140 Toro Blvd,Nashua,03062,New Hampshire,US,Tech Management Labs,Finance,150,,Purchasing Manager,603-555-0226,,,\\dgsa-discovery.dgse.local\Home$\%Username%,H:,d@t@Gr11,TRUE,TRUE,ou=TML Users,Finance
Yes,Maybell,Cappello,,Corporate,,mcappello@dgse.local,140 Toro Blvd,Nashua,03062,New Hampshire,US,Tech Management Labs,Finance,151,,Assistant Controller,603-555-0227,,,\\dgsa-discovery.dgse.local\Home$\%Username%,H:,d@t@Gr11,TRUE,TRUE,ou=TML Users,Finance
Yes,Maybelle,Cappelluti,,Corporate,,mcappelluti@dgse.local,140 Toro Blvd,Nashua,03062,New Hampshire,US,Tech Management Labs,Finance,152,,Finance Intern,603-555-0228,,,\\dgsa-discovery.dgse.local\Home$\%Username%,H:,d@t@Gr11,TRUE,TRUE,ou=TML Users,Finance
Yes,Maye,Capper,,Corporate,,mcapper@dgse.local,140 Toro Blvd,Nashua,03062,New Hampshire,US,Tech Management Labs,Finance,153,,Finance Intern,603-555-0229,,,\\dgsa-discovery.dgse.local\Home$\%Username%,H:,d@t@Gr11,TRUE,TRUE,ou=TML Users,Finance
Yes,Mayme,Fleitas,,Corporate,,mfleitas@dgse.local,140 Toro Blvd,Nashua,03062,New Hampshire,US,Tech Management Labs,Information Technology,154,,Director IT ,603-555-0236,,,\\dgsa-discovery.dgse.local\Home$\%Username%,H:,d@t@Gr11,TRUE,TRUE,ou=TML Users,Information Technology
Yes,Maynard,Fleites,,Corporate,,mfleites@dgse.local,140 Toro Blvd,Nashua,03062,New Hampshire,US,Tech Management Labs,Information Technology,155,,Manager IT,603-555-0237,,,\\dgsa-discovery.dgse.local\Home$\%Username%,H:,d@t@Gr11,TRUE,TRUE,ou=TML Users,Information Technology
Yes,Mayola,Fleitman,,Corporate,,mfleitman@dgse.local,140 Toro Blvd,Nashua,03062,New Hampshire,US,Tech Management Labs,Information Technology,156,,Manager IT,603-555-0238,,,\\dgsa-discovery.dgse.local\Home$\%Username%,H:,d@t@Gr11,TRUE,TRUE,ou=TML Users,Information Technology
Yes,Mayra,Flem,,Corporate,,mflem@dgse.local,140 Toro Blvd,Nashua,03062,New Hampshire,US,Tech Management Labs,Information Technology,157,,Dev/Ops,603-555-0239,,,\\dgsa-discovery.dgse.local\Home$\%Username%,H:,d@t@Gr11,TRUE,TRUE,ou=TML Users,Information Technology
Yes,Olinda,Fleming,,Corporate,,ofleming@dgse.local,140 Toro Blvd,Nashua,03062,New Hampshire,US,Tech Management Labs,Information Technology,158,,IT Intern,603-555-0240,,,\\dgsa-discovery.dgse.local\Home$\%Username%,H:,d@t@Gr11,TRUE,TRUE,ou=TML Users,Information Technology
Yes,Oliva,Flemings,,Corporate,,oflemings@dgse.local,140 Toro Blvd,Nashua,03062,New Hampshire,US,Tech Management Labs,Information Technology,159,,IT Intern,603-555-0241,,,\\dgsa-discovery.dgse.local\Home$\%Username%,H:,d@t@Gr11,TRUE,TRUE,ou=TML Users,Information Technology
Yes,Olive,Flemister,,Corporate,,oflemister@dgse.local,140 Toro Blvd,Nashua,03062,New Hampshire,US,Tech Management Labs,Legal,160,,Corporate Compliance,603-555-0242,,,\\dgsa-discovery.dgse.local\Home$\%Username%,H:,d@t@Gr11,TRUE,TRUE,ou=TML Users,Legal
Yes,Oliver,Flemm,,Corporate,,oflemm@dgse.local,140 Toro Blvd,Nashua,03062,New Hampshire,US,Tech Management Labs,Legal,161,,Assistant Counsel,603-555-0243,,,\\dgsa-discovery.dgse.local\Home$\%Username%,H:,d@t@Gr11,TRUE,TRUE,ou=TML Users,Legal
Yes,Olivia,Flemming,,Corporate,,oflemming@dgse.local,140 Toro Blvd,Nashua,03062,New Hampshire,US,Tech Management Labs,Marketing,162,,Director of Product Marketing,603-555-0116,,,\\dgsa-discovery.dgse.local\Home$\%Username%,H:,d@t@Gr11,TRUE,TRUE,ou=TML Users,Marketing
Yes,Ollie,Flemmings,,Corporate,,oflemmings@dgse.local,140 Toro Blvd,Nashua,03062,New Hampshire,US,Tech Management Labs,Marketing,163,,Manager,603-555-0117,,,\\dgsa-discovery.dgse.local\Home$\%Username%,H:,d@t@Gr11,TRUE,TRUE,ou=TML Users,Marketing
Yes,Ollie,Flemmon,,Corporate,,oflemmon@dgse.local,140 Toro Blvd,Nashua,03062,New Hampshire,US,Tech Management Labs,Marketing,164,,Director of Customer Marketing,603-555-0118,,,\\dgsa-discovery.dgse.local\Home$\%Username%,H:,d@t@Gr11,TRUE,TRUE,ou=TML Users,Marketing
Yes,Olympia,Flemmons,,Corporate,,oflemmons@dgse.local,140 Toro Blvd,Nashua,03062,New Hampshire,US,Tech Management Labs,Marketing,165,,Director Marketing Communications ,603-555-0119,,,\\dgsa-discovery.dgse.local\Home$\%Username%,H:,d@t@Gr11,TRUE,TRUE,ou=TML Users,Marketing
Yes,Ross,Flemons,,Corporate,,rflemons@dgse.local,140 Toro Blvd,Nashua,03062,New Hampshire,US,Tech Management Labs,Marketing,166,,Manager Social Presence,603-555-0120,,,\\dgsa-discovery.dgse.local\Home$\%Username%,H:,d@t@Gr11,TRUE,TRUE,ou=TML Users,Marketing
Yes,Rossana,Heydenreich,,Corporate,,rheydenreich@dgse.local,140 Toro Blvd,Nashua,03062,New Hampshire,US,Tech Management Labs,Marketing,167,,Marketing Intern,603-555-0121,,,\\dgsa-discovery.dgse.local\Home$\%Username%,H:,d@t@Gr11,TRUE,TRUE,ou=TML Users,Marketing
Yes,Rossie,Heydt,,Corporate,,rheydt@dgse.local,140 Toro Blvd,Nashua,03062,New Hampshire,US,Tech Management Labs,Marketing,168,,Marketing Intern,603-555-0122,,,\\dgsa-discovery.dgse.local\Home$\%Username%,H:,d@t@Gr11,TRUE,TRUE,ou=TML Users,Marketing
Yes,Rosy,Heyduck,,Corporate,,rheyduck@dgse.local,140 Toro Blvd,Nashua,03062,New Hampshire,US,Tech Management Labs,Marketing,169,,Marketing Intern,603-555-0123,,,\\dgsa-discovery.dgse.local\Home$\%Username%,H:,d@t@Gr11,TRUE,TRUE,ou=TML Users,Marketing
Yes,Rowena,Heye,,Corporate,,rheye@dgse.local,140 Toro Blvd,Nashua,03062,New Hampshire,US,Tech Management Labs,Marketing,170,,Marketing Intern,603-555-0124,,,\\dgsa-discovery.dgse.local\Home$\%Username%,H:,d@t@Gr11,TRUE,TRUE,ou=TML Users,Marketing
Yes,Roxana,Heyen,,Corporate,,rheyen@dgse.local,140 Toro Blvd,Nashua,03062,New Hampshire,US,Tech Management Labs,Sales,171,,VP Sales,603-555-0101,,,\\dgsa-discovery.dgse.local\Home$\%Username%,H:,d@t@Gr11,TRUE,TRUE,ou=TML Users,Sales
Yes,Roxane,Heyer,,Corporate,,rheyer@dgse.local,140 Toro Blvd,Nashua,03062,New Hampshire,US,Tech Management Labs,Sales,172,,Regional Director of Sales,603-555-0102,,,\\dgsa-discovery.dgse.local\Home$\%Username%,H:,d@t@Gr11,TRUE,TRUE,ou=TML Users,Sales
Yes,Roxann,Heyes,,Corporate,,rheyes@dgse.local,140 Toro Blvd,Nashua,03062,New Hampshire,US,Tech Management Labs,Sales,173,,Regional Director of Sales,603-555-0103,,,\\dgsa-discovery.dgse.local\Home$\%Username%,H:,d@t@Gr11,TRUE,TRUE,ou=TML Users,Sales
Yes,Roxanna,Heying,,Corporate,,rheying@dgse.local,140 Toro Blvd,Nashua,03062,New Hampshire,US,Tech Management Labs,Sales,174,,Regional Director of Sales,603-555-0104,,,\\dgsa-discovery.dgse.local\Home$\%Username%,H:,d@t@Gr11,TRUE,TRUE,ou=TML Users,Sales
Yes,Roxanne,Heykoop,,Corporate,,rheykoop@dgse.local,140 Toro Blvd,Nashua,03062,New Hampshire,US,Tech Management Labs,Sales,175,,Regional Sales Manager,603-555-0105,,,\\dgsa-discovery.dgse.local\Home$\%Username%,H:,d@t@Gr11,TRUE,TRUE,ou=TML Users,Sales
Yes,Roxie,Heyl,,Corporate,,rheyl@dgse.local,140 Toro Blvd,Nashua,03062,New Hampshire,US,Tech Management Labs,Sales,176,,Regional Sales Manager,603-555-0106,,,\\dgsa-discovery.dgse.local\Home$\%Username%,H:,d@t@Gr11,TRUE,TRUE,ou=TML Users,Sales
Yes,Roxy,Heyliger,,Corporate,,rheyliger@dgse.local,140 Toro Blvd,Nashua,03062,New Hampshire,US,Tech Management Labs,Sales,177,,Regional Sales Manager,603-555-0107,,,\\dgsa-discovery.dgse.local\Home$\%Username%,H:,d@t@Gr11,TRUE,TRUE,ou=TML Users,Sales
Yes,Trudi,Heyman,,Corporate,,theyman@dgse.local,140 Toro Blvd,Nashua,03062,New Hampshire,US,Tech Management Labs,Sales,178,,Inside Sales,603-555-0108,,,\\dgsa-discovery.dgse.local\Home$\%Username%,H:,d@t@Gr11,TRUE,TRUE,ou=TML Users,Sales
Yes,Trudie,Heymann,,Corporate,,theymann@dgse.local,140 Toro Blvd,Nashua,03062,New Hampshire,US,Tech Management Labs,Sales,179,,Inside Sales,603-555-0109,,,\\dgsa-discovery.dgse.local\Home$\%Username%,H:,d@t@Gr11,TRUE,TRUE,ou=TML Users,Sales
Yes,Trudy,Heyn,,Corporate,,theyn@dgse.local,140 Toro Blvd,Nashua,03062,New Hampshire,US,Tech Management Labs,Sales,180,,Inside Sales,603-555-0110,,,\\dgsa-discovery.dgse.local\Home$\%Username%,H:,d@t@Gr11,TRUE,TRUE,ou=TML Users,Sales
Yes,Trula,Heyne,,Corporate,,theyne@dgse.local,140 Toro Blvd,Nashua,03062,New Hampshire,US,Tech Management Labs,Sales,181,,Inside Sales,603-555-0111,,,\\dgsa-discovery.dgse.local\Home$\%Username%,H:,d@t@Gr11,TRUE,TRUE,ou=TML Users,Sales
Yes,Truman,Mountain,,Corporate,,tmountain@dgse.local,140 Toro Blvd,Nashua,03062,New Hampshire,US,Tech Management Labs,Sales,182,,Inside Sales ,603-555-0112,,,\\dgsa-discovery.dgse.local\Home$\%Username%,H:,d@t@Gr11,TRUE,TRUE,ou=TML Users,Sales
Yes,Tu,Mountcastle,,Corporate,,tmountcastle@dgse.local,140 Toro Blvd,Nashua,03062,New Hampshire,US,Tech Management Labs,Sales,183,,Inside Sales,603-555-0113,,,\\dgsa-discovery.dgse.local\Home$\%Username%,H:,d@t@Gr11,TRUE,TRUE,ou=TML Users,Sales
Yes,Tuan,Mountford,,Corporate,,tmountford@dgse.local,140 Toro Blvd,Nashua,03062,New Hampshire,US,Tech Management Labs,Sales,184,,Inside Sales,603-555-0114,,,\\dgsa-discovery.dgse.local\Home$\%Username%,H:,d@t@Gr11,TRUE,TRUE,ou=TML Users,Sales
Yes,Tula,Mountjoy,,Corporate,,tmountjoy@dgse.local,140 Toro Blvd,Nashua,03062,New Hampshire,US,Tech Management Labs,Sales,185,,Inside Sales,603-555-0115,,,\\dgsa-discovery.dgse.local\Home$\%Username%,H:,d@t@Gr11,TRUE,TRUE,ou=TML Users,Sales
Yes,Azalee,Mounts,,Corporate,,amounts@dgse.local,140 Toro Blvd,Nashua,03062,New Hampshire,US,Tech Management Labs,Technical Services,186,,VP Technical Services ,603-555-0125,,,\\dgsa-discovery.dgse.local\Home$\%Username%,H:,d@t@Gr11,TRUE,TRUE,ou=TML Users,Technical Services
Yes,Azucena,Moura,,Corporate,,amoura@dgse.local,140 Toro Blvd,Nashua,03062,New Hampshire,US,Tech Management Labs,Technical Services,187,,Director Project Management,603-555-0126,,,\\dgsa-discovery.dgse.local\Home$\%Username%,H:,d@t@Gr11,TRUE,TRUE,ou=TML Users,Technical Services
Yes,Azzie,Mourad,,Corporate,,amourad@dgse.local,140 Toro Blvd,Nashua,03062,New Hampshire,US,Tech Management Labs,Technical Services,188,,Project Manager,603-555-0127,,,\\dgsa-discovery.dgse.local\Home$\%Username%,H:,d@t@Gr11,TRUE,TRUE,ou=TML Users,Technical Services
Yes,Babara,Moure,,Corporate,,bmoure@dgse.local,140 Toro Blvd,Nashua,03062,New Hampshire,US,Tech Management Labs,Technical Services,189,,Project Manager,603-555-0128,,,\\dgsa-discovery.dgse.local\Home$\%Username%,H:,d@t@Gr11,TRUE,TRUE,ou=TML Users,Technical Services
Yes,Babette,Mourer,,Corporate,,bmourer@dgse.local,140 Toro Blvd,Nashua,03062,New Hampshire,US,Tech Management Labs,Technical Services,190,,Project Manager,603-555-0129,,,\\dgsa-discovery.dgse.local\Home$\%Username%,H:,d@t@Gr11,TRUE,TRUE,ou=TML Users,Technical Services
Yes,Bailey,Mouret,,Corporate,,bmouret@dgse.local,140 Toro Blvd,Nashua,03062,New Hampshire,US,Tech Management Labs,Technical Services,191,,Project Manager,603-555-0130,,,\\dgsa-discovery.dgse.local\Home$\%Username%,H:,d@t@Gr11,TRUE,TRUE,ou=TML Users,Technical Services
Yes,Bambi,Mourino,,Corporate,,bmourino@dgse.local,140 Toro Blvd,Nashua,03062,New Hampshire,US,Tech Management Labs,Technical Services,192,,Senior Software Engineer,603-555-0131,,,\\dgsa-discovery.dgse.local\Home$\%Username%,H:,d@t@Gr11,TRUE,TRUE,ou=TML Users,Technical Services
Yes,Bao,Mouritsen,,Corporate,,bmouritsen@dgse.local,140 Toro Blvd,Nashua,03062,New Hampshire,US,Tech Management Labs,Technical Services,193,,Senior Software Engineer,603-555-0132,,,\\dgsa-discovery.dgse.local\Home$\%Username%,H:,d@t@Gr11,TRUE,TRUE,ou=TML Users,Technical Services
Yes,Barabara,Mourning,,Corporate,,bmourning@dgse.local,140 Toro Blvd,Nashua,03062,New Hampshire,US,Tech Management Labs,Technical Services,194,,Senior Software Engineer,603-555-0133,,,\\dgsa-discovery.dgse.local\Home$\%Username%,H:,d@t@Gr11,TRUE,TRUE,ou=TML Users,Technical Services
Yes,Barb,Moury,,Corporate,,bmoury@dgse.local,140 Toro Blvd,Nashua,03062,New Hampshire,US,Tech Management Labs,Technical Services,195,,Senior Software Engineer,603-555-0134,,,\\dgsa-discovery.dgse.local\Home$\%Username%,H:,d@t@Gr11,TRUE,TRUE,ou=TML Users,Technical Services
Yes,Barbar,Mousa,,Corporate,,bmousa@dgse.local,140 Toro Blvd,Nashua,03062,New Hampshire,US,Tech Management Labs,Technical Services,196,,Senior Software Engineer,603-555-0135,,,\\dgsa-discovery.dgse.local\Home$\%Username%,H:,d@t@Gr11,TRUE,TRUE,ou=TML Users,Technical Services
Yes,Billye,Mouse,,Corporate,,bmouse@dgse.local,140 Toro Blvd,Nashua,03062,New Hampshire,US,Tech Management Labs,Technical Services,197,,Senior Software Engineer,603-555-0136,,,\\dgsa-discovery.dgse.local\Home$\%Username%,H:,d@t@Gr11,TRUE,TRUE,ou=TML Users,Technical Services
Yes,Birdie,Mousel,,Corporate,,bmousel@dgse.local,140 Toro Blvd,Nashua,03062,New Hampshire,US,Tech Management Labs,Technical Services,198,,Principal Software Engineer,603-555-0137,,,\\dgsa-discovery.dgse.local\Home$\%Username%,H:,d@t@Gr11,TRUE,TRUE,ou=TML Users,Technical Services
Yes,Birgit,Mouser,,Corporate,,bmouser@dgse.local,140 Toro Blvd,Nashua,03062,New Hampshire,US,Tech Management Labs,Technical Services,199,,Principal Software Engineer,603-555-0138,,,\\dgsa-discovery.dgse.local\Home$\%Username%,H:,d@t@Gr11,TRUE,TRUE,ou=TML Users,Technical Services
Yes,Blaine,Pierotti,,Corporate,,bpierotti@dgse.local,140 Toro Blvd,Nashua,03062,New Hampshire,US,Tech Management Labs,Technical Services,200,,Principal Software Engineer,603-555-0139,,,\\dgsa-discovery.dgse.local\Home$\%Username%,H:,d@t@Gr11,TRUE,TRUE,ou=TML Users,Technical Services
Yes,Blair,Pierpoint,,Corporate,,bpierpoint@dgse.local,140 Toro Blvd,Nashua,03062,New Hampshire,US,Tech Management Labs,Technical Services,201,,Software Engineer,603-555-0140,,,\\dgsa-discovery.dgse.local\Home$\%Username%,H:,d@t@Gr11,TRUE,TRUE,ou=TML Users,Technical Services
Yes,Blair,Pierpont,,Corporate,,bpierpont@dgse.local,140 Toro Blvd,Nashua,03062,New Hampshire,US,Tech Management Labs,Technical Services,202,,Software Engineer,603-555-0141,,,\\dgsa-discovery.dgse.local\Home$\%Username%,H:,d@t@Gr11,TRUE,TRUE,ou=TML Users,Technical Services
Yes,Blake,Pierre,,Corporate,,bpierre@dgse.local,140 Toro Blvd,Nashua,03062,New Hampshire,US,Tech Management Labs,Technical Services,203,,Software Engineer,603-555-0142,,,\\dgsa-discovery.dgse.local\Home$\%Username%,H:,d@t@Gr11,TRUE,TRUE,ou=TML Users,Technical Services
Yes,Blake,Pierri,,Corporate,,bpierri@dgse.local,140 Toro Blvd,Nashua,03062,New Hampshire,US,Tech Management Labs,Technical Services,204,,Software Engineer,603-555-0143,,,\\dgsa-discovery.dgse.local\Home$\%Username%,H:,d@t@Gr11,TRUE,TRUE,ou=TML Users,Technical Services
Yes,Blanca,Pierrie,,Corporate,,bpierrie@dgse.local,140 Toro Blvd,Nashua,03062,New Hampshire,US,Tech Management Labs,Technical Services,205,,Software Engineer,603-555-0144,,,\\dgsa-discovery.dgse.local\Home$\%Username%,H:,d@t@Gr11,TRUE,TRUE,ou=TML Users,Technical Services
Yes,Blanch,Pierro,,Corporate,,bpierro@dgse.local,140 Toro Blvd,Nashua,03062,New Hampshire,US,Tech Management Labs,Technical Services,206,,Software Engineer,603-555-0145,,,\\dgsa-discovery.dgse.local\Home$\%Username%,H:,d@t@Gr11,TRUE,TRUE,ou=TML Users,Technical Services
Yes,Blanche,Pierron,,Corporate,,bpierron@dgse.local,140 Toro Blvd,Nashua,03062,New Hampshire,US,Tech Management Labs,Technical Services,207,,Software Engineer,603-555-0146,,,\\dgsa-discovery.dgse.local\Home$\%Username%,H:,d@t@Gr11,TRUE,TRUE,ou=TML Users,Technical Services
Yes,Blondell,Pierrot,,Corporate,,bpierrot@dgse.local,140 Toro Blvd,Nashua,03062,New Hampshire,US,Tech Management Labs,Technical Services,208,,Software Engineer,603-555-0147,,,\\dgsa-discovery.dgse.local\Home$\%Username%,H:,d@t@Gr11,TRUE,TRUE,ou=TML Users,Technical Services
Yes,Blossom,Pierrott,,Corporate,,bpierrott@dgse.local,140 Toro Blvd,Nashua,03062,New Hampshire,US,Tech Management Labs,Technical Services,209,,Software Engineer,603-555-0148,,,\\dgsa-discovery.dgse.local\Home$\%Username%,H:,d@t@Gr11,TRUE,TRUE,ou=TML Users,Technical Services
Yes,Blythe,Piersall,,Corporate,,bpiersall@dgse.local,140 Toro Blvd,Nashua,03062,New Hampshire,US,Tech Management Labs,Technical Services,210,,Software Engineer,603-555-0149,,,\\dgsa-discovery.dgse.local\Home$\%Username%,H:,d@t@Gr11,TRUE,TRUE,ou=TML Users,Technical Services
Yes,Bo,Piersaul,,Corporate,,bpiersaul@dgse.local,140 Toro Blvd,Nashua,03062,New Hampshire,US,Tech Management Labs,Technical Services,211,,Sharepoint Engineer,603-555-0150,,,\\dgsa-discovery.dgse.local\Home$\%Username%,H:,d@t@Gr11,TRUE,TRUE,ou=TML Users,Technical Services
Yes,Carissa,Piersiak,,Corporate,,cpiersiak@dgse.local,140 Toro Blvd,Nashua,03062,New Hampshire,US,Tech Management Labs,Technical Services,212,,Sharepoint Engineer,603-555-0151,,,\\dgsa-discovery.dgse.local\Home$\%Username%,H:,d@t@Gr11,TRUE,TRUE,ou=TML Users,Technical Services
Yes,Carita,Piersol,,Corporate,,cpiersol@dgse.local,140 Toro Blvd,Nashua,03062,New Hampshire,US,Tech Management Labs,Technical Services,213,,Sharepoint Engineer,603-555-0152,,,\\dgsa-discovery.dgse.local\Home$\%Username%,H:,d@t@Gr11,TRUE,TRUE,ou=TML Users,Technical Services
Yes,Carl,Pierson,,Corporate,,cpierson@dgse.local,140 Toro Blvd,Nashua,03062,New Hampshire,US,Tech Management Labs,Technical Services,214,,Software Engineer,603-555-0153,,,\\dgsa-discovery.dgse.local\Home$\%Username%,H:,d@t@Gr11,TRUE,TRUE,ou=TML Users,Technical Services
Yes,Carl,Piertraccini,,Corporate,,cpiertraccini@dgse.local,140 Toro Blvd,Nashua,03062,New Hampshire,US,Tech Management Labs,Technical Services,215,,Software Engineer,603-555-0154,,,\\dgsa-discovery.dgse.local\Home$\%Username%,H:,d@t@Gr11,TRUE,TRUE,ou=TML Users,Technical Services
Yes,Carla,Pierzchala,,Corporate,,cpierzchala@dgse.local,140 Toro Blvd,Nashua,03062,New Hampshire,US,Tech Management Labs,Technical Services,216,,Software Engineer,603-555-0155,,,\\dgsa-discovery.dgse.local\Home$\%Username%,H:,d@t@Gr11,TRUE,TRUE,ou=TML Users,Technical Services
Yes,Carlee,Pies,,Corporate,,cpies@dgse.local,140 Toro Blvd,Nashua,03062,New Hampshire,US,Tech Management Labs,Technical Services,217,,Software Engineer,603-555-0156,,,\\dgsa-discovery.dgse.local\Home$\%Username%,H:,d@t@Gr11,TRUE,TRUE,ou=TML Users,Technical Services
Yes,Carleen,Rounds,,Corporate,,crounds@dgse.local,140 Toro Blvd,Nashua,03062,New Hampshire,US,Tech Management Labs,Technical Services,218,,Software Engineer,603-555-0157,,,\\dgsa-discovery.dgse.local\Home$\%Username%,H:,d@t@Gr11,TRUE,TRUE,ou=TML Users,Technical Services
Yes,Carlena,Roundtree,,Corporate,,croundtree@dgse.local,140 Toro Blvd,Nashua,03062,New Hampshire,US,Tech Management Labs,Technical Services,219,,Software Engineer,603-555-0158,,,\\dgsa-discovery.dgse.local\Home$\%Username%,H:,d@t@Gr11,TRUE,TRUE,ou=TML Users,Technical Services
Yes,Carlene,Roundy,,Corporate,,croundy@dgse.local,140 Toro Blvd,Nashua,03062,New Hampshire,US,Tech Management Labs,Technical Services,220,,Software Engineer,603-555-0159,,,\\dgsa-discovery.dgse.local\Home$\%Username%,H:,d@t@Gr11,TRUE,TRUE,ou=TML Users,Technical Services
Yes,Carletta,Rounkles,,Corporate,,crounkles@dgse.local,140 Toro Blvd,Nashua,03062,New Hampshire,US,Tech Management Labs,Technical Services,221,,Software Engineer,603-555-0160,,,\\dgsa-discovery.dgse.local\Home$\%Username%,H:,d@t@Gr11,TRUE,TRUE,ou=TML Users,Technical Services
Yes,Carley,Rounsaville,,Corporate,,crounsaville@dgse.local,140 Toro Blvd,Nashua,03062,New Hampshire,US,Tech Management Labs,Technical Services,222,,Software Engineer,603-555-0161,,,\\dgsa-discovery.dgse.local\Home$\%Username%,H:,d@t@Gr11,TRUE,TRUE,ou=TML Users,Technical Services
Yes,Danna,Rounsville,,Corporate,,drounsville@dgse.local,140 Toro Blvd,Nashua,03062,New Hampshire,US,Tech Management Labs,Technical Services,223,,Software Engineer,603-555-0162,,,\\dgsa-discovery.dgse.local\Home$\%Username%,H:,d@t@Gr11,TRUE,TRUE,ou=TML Users,Technical Services
Yes,Dannette,Rountree,,Corporate,,drountree@dgse.local,140 Toro Blvd,Nashua,03062,New Hampshire,US,Tech Management Labs,Technical Services,224,,Software Engineer,603-555-0163,,,\\dgsa-discovery.dgse.local\Home$\%Username%,H:,d@t@Gr11,TRUE,TRUE,ou=TML Users,Technical Services
Yes,Dannie,Roup,,Corporate,,droup@dgse.local,140 Toro Blvd,Nashua,03062,New Hampshire,US,Tech Management Labs,Technical Services,225,,Software Engineer,603-555-0164,,,\\dgsa-discovery.dgse.local\Home$\%Username%,H:,d@t@Gr11,TRUE,TRUE,ou=TML Users,Technical Services
Yes,Dannie,Roupe,,Corporate,,droupe@dgse.local,140 Toro Blvd,Nashua,03062,New Hampshire,US,Tech Management Labs,Technical Services,226,,Software Engineer,603-555-0165,,,\\dgsa-discovery.dgse.local\Home$\%Username%,H:,d@t@Gr11,TRUE,TRUE,ou=TML Users,Technical Services
Yes,Dannielle,Roura,,Corporate,,droura@dgse.local,140 Toro Blvd,Nashua,03062,New Hampshire,US,Tech Management Labs,Technical Services,227,,Software Engineer,603-555-0166,,,\\dgsa-discovery.dgse.local\Home$\%Username%,H:,d@t@Gr11,TRUE,TRUE,ou=TML Users,Technical Services
Yes,Danny,Rourk,,Corporate,,drourk@dgse.local,140 Toro Blvd,Nashua,03062,New Hampshire,US,Tech Management Labs,Technical Services,228,,Manager of Engineering,603-555-0167,,,\\dgsa-discovery.dgse.local\Home$\%Username%,H:,d@t@Gr11,TRUE,TRUE,ou=TML Users,Technical Services
Yes,Dante,Rourke,,Corporate,,drourke@dgse.local,140 Toro Blvd,Nashua,03062,New Hampshire,US,Tech Management Labs,Technical Services,229,,Manager of Engineering,603-555-0168,,,\\dgsa-discovery.dgse.local\Home$\%Username%,H:,d@t@Gr11,TRUE,TRUE,ou=TML Users,Technical Services
Yes,Danuta,Rous,,Corporate,,drous@dgse.local,140 Toro Blvd,Nashua,03062,New Hampshire,US,Tech Management Labs,Technical Services,230,,Manager of Engineering,603-555-0169,,,\\dgsa-discovery.dgse.local\Home$\%Username%,H:,d@t@Gr11,TRUE,TRUE,ou=TML Users,Technical Services
Yes,Danyel,Rousch,,Corporate,,drousch@dgse.local,140 Toro Blvd,Nashua,03062,New Hampshire,US,Tech Management Labs,Technical Services,231,,Manager of Engineering,603-555-0170,,,\\dgsa-discovery.dgse.local\Home$\%Username%,H:,d@t@Gr11,TRUE,TRUE,ou=TML Users,Technical Services
Yes,Danyell,Rouse,,Corporate,,drouse@dgse.local,140 Toro Blvd,Nashua,03062,New Hampshire,US,Tech Management Labs,Technical Services,232,,Software Engineer,603-555-0171,,,\\dgsa-discovery.dgse.local\Home$\%Username%,H:,d@t@Gr11,TRUE,TRUE,ou=TML Users,Technical Services
Yes,Danyelle,Travis,,Corporate,,dtravis@dgse.local,140 Toro Blvd,Nashua,03062,New Hampshire,US,Tech Management Labs,Technical Services,233,,Software Engineer,603-555-0172,,,\\dgsa-discovery.dgse.local\Home$\%Username%,H:,d@t@Gr11,TRUE,TRUE,ou=TML Users,Technical Services
Yes,Daphine,Shetterly,,Corporate,,dshetterly@dgse.local,140 Toro Blvd,Nashua,03062,New Hampshire,US,Tech Management Labs,Technical Services,234,,Software Engineer,603-555-0173,,,\\dgsa-discovery.dgse.local\Home$\%Username%,H:,d@t@Gr11,TRUE,TRUE,ou=TML Users,Technical Services
Yes,Daphne,Shettle,,Corporate,,dshettle@dgse.local,140 Toro Blvd,Nashua,03062,New Hampshire,US,Tech Management Labs,Technical Services,235,,Software Engineer,603-555-0174,,,\\dgsa-discovery.dgse.local\Home$\%Username%,H:,d@t@Gr11,TRUE,TRUE,ou=TML Users,Technical Services
Yes,Dara,Shettleroe,,Corporate,,dshettleroe@dgse.local,140 Toro Blvd,Nashua,03062,New Hampshire,US,Tech Management Labs,Technical Services,236,,Software Engineer,603-555-0175,,,\\dgsa-discovery.dgse.local\Home$\%Username%,H:,d@t@Gr11,TRUE,TRUE,ou=TML Users,Technical Services
Yes,Darby,Shettsline,,Corporate,,dshettsline@dgse.local,140 Toro Blvd,Nashua,03062,New Hampshire,US,Tech Management Labs,Technical Services,237,,Software Engineer,603-555-0176,,,\\dgsa-discovery.dgse.local\Home$\%Username%,H:,d@t@Gr11,TRUE,TRUE,ou=TML Users,Technical Services
Yes,Darcel,Shetz,,Corporate,,dshetz@dgse.local,140 Toro Blvd,Nashua,03062,New Hampshire,US,Tech Management Labs,Technical Services,238,,Software Engineer,603-555-0177,,,\\dgsa-discovery.dgse.local\Home$\%Username%,H:,d@t@Gr11,TRUE,TRUE,ou=TML Users,Technical Services
Yes,Darcey,Sheu,,Corporate,,dsheu@dgse.local,140 Toro Blvd,Nashua,03062,New Hampshire,US,Tech Management Labs,Technical Services,239,,Software Engineer,603-555-0178,,,\\dgsa-discovery.dgse.local\Home$\%Username%,H:,d@t@Gr11,TRUE,TRUE,ou=TML Users,Technical Services
Yes,Darci,Sheumaker,,Corporate,,dsheumaker@dgse.local,140 Toro Blvd,Nashua,03062,New Hampshire,US,Tech Management Labs,Technical Services,240,,Software Engineer,603-555-0179,,,\\dgsa-discovery.dgse.local\Home$\%Username%,H:,d@t@Gr11,TRUE,TRUE,ou=TML Users,Technical Services
Yes,Darcie,Shevenell,,Corporate,,dshevenell@dgse.local,140 Toro Blvd,Nashua,03062,New Hampshire,US,Tech Management Labs,Technical Services,241,,Software Engineer,603-555-0180,,,\\dgsa-discovery.dgse.local\Home$\%Username%,H:,d@t@Gr11,TRUE,TRUE,ou=TML Users,Technical Services
Yes,Darcy,Shevitz,,Corporate,,dshevitz@dgse.local,140 Toro Blvd,Nashua,03062,New Hampshire,US,Tech Management Labs,Technical Services,242,,Manager of Engineering,603-555-0181,,,\\dgsa-discovery.dgse.local\Home$\%Username%,H:,d@t@Gr11,TRUE,TRUE,ou=TML Users,Technical Services
Yes,Darell,Shevlin,,Corporate,,dshevlin@dgse.local,140 Toro Blvd,Nashua,03062,New Hampshire,US,Tech Management Labs,Technical Services,243,,Software Engineer,603-555-0182,,,\\dgsa-discovery.dgse.local\Home$\%Username%,H:,d@t@Gr11,TRUE,TRUE,ou=TML Users,Technical Services
Yes,Edwardo,Shew,,Corporate,,eshew@dgse.local,140 Toro Blvd,Nashua,03062,New Hampshire,US,Tech Management Labs,Technical Services,244,,Software Engineer,603-555-0183,,,\\dgsa-discovery.dgse.local\Home$\%Username%,H:,d@t@Gr11,TRUE,TRUE,ou=TML Users,Technical Services
Yes,Edwin,Sheward,,Corporate,,esheward@dgse.local,140 Toro Blvd,Nashua,03062,New Hampshire,US,Tech Management Labs,Technical Services,245,,Software Engineer,603-555-0184,,,\\dgsa-discovery.dgse.local\Home$\%Username%,H:,d@t@Gr11,TRUE,TRUE,ou=TML Users,Technical Services
Yes,Edwina,Shewbridge,,Corporate,,eshewbridge@dgse.local,140 Toro Blvd,Nashua,03062,New Hampshire,US,Tech Management Labs,Technical Services,246,,Software Engineer,603-555-0185,,,\\dgsa-discovery.dgse.local\Home$\%Username%,H:,d@t@Gr11,TRUE,TRUE,ou=TML Users,Technical Services
Yes,Edyth,Shewchuk,,Corporate,,eshewchuk@dgse.local,140 Toro Blvd,Nashua,03062,New Hampshire,US,Tech Management Labs,Technical Services,247,,Software Engineer,603-555-0186,,,\\dgsa-discovery.dgse.local\Home$\%Username%,H:,d@t@Gr11,TRUE,TRUE,ou=TML Users,Technical Services
Yes,Edythe,Tepp,,Corporate,,etepp@dgse.local,140 Toro Blvd,Nashua,03062,New Hampshire,US,Tech Management Labs,Technical Services,248,,Software Engineer,603-555-0187,,,\\dgsa-discovery.dgse.local\Home$\%Username%,H:,d@t@Gr11,TRUE,TRUE,ou=TML Users,Technical Services
Yes,Effie,Tepper,,Corporate,,etepper@dgse.local,140 Toro Blvd,Nashua,03062,New Hampshire,US,Tech Management Labs,Technical Services,249,,Business Intelligence Analyst,603-555-0188,,,\\dgsa-discovery.dgse.local\Home$\%Username%,H:,d@t@Gr11,TRUE,TRUE,ou=TML Users,Technical Services
Yes,Efrain,Tepperberg,,Corporate,,etepperberg@dgse.local,140 Toro Blvd,Nashua,03062,New Hampshire,US,Tech Management Labs,Technical Services,250,,Business Intelligence Analyst,603-555-0189,,,\\dgsa-discovery.dgse.local\Home$\%Username%,H:,d@t@Gr11,TRUE,TRUE,ou=TML Users,Technical Services
Yes,Efren,Teppo,,Corporate,,eteppo@dgse.local,140 Toro Blvd,Nashua,03062,New Hampshire,US,Tech Management Labs,Technical Services,251,,Business Intelligence Analyst,603-555-0190,,,\\dgsa-discovery.dgse.local\Home$\%Username%,H:,d@t@Gr11,TRUE,TRUE,ou=TML Users,Technical Services
Yes,Ehtel,Teque,,Corporate,,eteque@dgse.local,140 Toro Blvd,Nashua,03062,New Hampshire,US,Tech Management Labs,Technical Services,252,,Business Intelligence Analyst,603-555-0191,,,\\dgsa-discovery.dgse.local\Home$\%Username%,H:,d@t@Gr11,TRUE,TRUE,ou=TML Users,Technical Services
Yes,Eileen,Terada,,Corporate,,eterada@dgse.local,140 Toro Blvd,Nashua,03062,New Hampshire,US,Tech Management Labs,Technical Services,253,,Business Intelligence Analyst,603-555-0192,,,\\dgsa-discovery.dgse.local\Home$\%Username%,H:,d@t@Gr11,TRUE,TRUE,ou=TML Users,Technical Services
Yes,Eilene,Teramoto,,Corporate,,eteramoto@dgse.local,140 Toro Blvd,Nashua,03062,New Hampshire,US,Tech Management Labs,Technical Services,254,,Business Intelligence Analyst,603-555-0193,,,\\dgsa-discovery.dgse.local\Home$\%Username%,H:,d@t@Gr11,TRUE,TRUE,ou=TML Users,Technical Services
Yes,Ela,Teran,,Corporate,,eteran@dgse.local,140 Toro Blvd,Nashua,03062,New Hampshire,US,Tech Management Labs,Technical Services,255,,Business Intelligence Analyst,603-555-0194,,,\\dgsa-discovery.dgse.local\Home$\%Username%,H:,d@t@Gr11,TRUE,TRUE,ou=TML Users,Technical Services
Yes,Eladia,Terando,,Corporate,,eterando@dgse.local,140 Toro Blvd,Nashua,03062,New Hampshire,US,Tech Management Labs,Technical Services,256,,Business Intelligence Analyst,603-555-0195,,,\\dgsa-discovery.dgse.local\Home$\%Username%,H:,d@t@Gr11,TRUE,TRUE,ou=TML Users,Technical Services
Yes,Elaina,Teranishi,,Corporate,,eteranishi@dgse.local,140 Toro Blvd,Nashua,03062,New Hampshire,US,Tech Management Labs,Technical Services,257,,Business Intelligence Analyst,603-555-0196,,,\\dgsa-discovery.dgse.local\Home$\%Username%,H:,d@t@Gr11,TRUE,TRUE,ou=TML Users,Technical Services
Yes,Elaine,Terault,,Corporate,,eterault@dgse.local,140 Toro Blvd,Nashua,03062,New Hampshire,US,Tech Management Labs,Technical Services,258,,Programmer Analyst,603-555-0197,,,\\dgsa-discovery.dgse.local\Home$\%Username%,H:,d@t@Gr11,TRUE,TRUE,ou=TML Users,Technical Services
Yes,Elana,Teravainen,,Corporate,,eteravainen@dgse.local,140 Toro Blvd,Nashua,03062,New Hampshire,US,Tech Management Labs,Technical Services,259,,Programmer Analyst,603-555-0198,,,\\dgsa-discovery.dgse.local\Home$\%Username%,H:,d@t@Gr11,TRUE,TRUE,ou=TML Users,Technical Services
Yes,Elane,Terazes,,Corporate,,eterazes@dgse.local,140 Toro Blvd,Nashua,03062,New Hampshire,US,Tech Management Labs,Technical Services,260,,Programmer Analyst,603-555-0199,,,\\dgsa-discovery.dgse.local\Home$\%Username%,H:,d@t@Gr11,TRUE,TRUE,ou=TML Users,Technical Services
Yes,Elanor,Terboss,,Corporate,,eterboss@dgse.local,140 Toro Blvd,Nashua,03062,New Hampshire,US,Tech Management Labs,Technical Services,261,,Data Scientist,603-555-0200,,,\\dgsa-discovery.dgse.local\Home$\%Username%,H:,d@t@Gr11,TRUE,TRUE,ou=TML Users,Technical Services
Yes,Elayne,Azuma,,Corporate,,eazuma@dgse.local,140 Toro Blvd,Nashua,03062,New Hampshire,US,Tech Management Labs,Technical Services,262,,Data Scientist,603-555-0201,,,\\dgsa-discovery.dgse.local\Home$\%Username%,H:,d@t@Gr11,TRUE,TRUE,ou=TML Users,Technical Services
Yes,Elba,Azure,,Corporate,,eazure@dgse.local,140 Toro Blvd,Nashua,03062,New Hampshire,US,Tech Management Labs,Technical Services,263,,Data Scientist,603-555-0202,,,\\dgsa-discovery.dgse.local\Home$\%Username%,H:,d@t@Gr11,TRUE,TRUE,ou=TML Users,Technical Services
Yes,Elbert,Azzano,,Corporate,,eazzano@dgse.local,140 Toro Blvd,Nashua,03062,New Hampshire,US,Tech Management Labs,Technical Services,264,,Data Scientist,603-555-0203,,,\\dgsa-discovery.dgse.local\Home$\%Username%,H:,d@t@Gr11,TRUE,TRUE,ou=TML Users,Technical Services
Yes,Elda,Azzara,,Corporate,,eazzara@dgse.local,140 Toro Blvd,Nashua,03062,New Hampshire,US,Tech Management Labs,Technical Services,265,,Data Scientist,603-555-0204,,,\\dgsa-discovery.dgse.local\Home$\%Username%,H:,d@t@Gr11,TRUE,TRUE,ou=TML Users,Technical Services
Yes,Elden,Azzarella,,Corporate,,eazzarella@dgse.local,140 Toro Blvd,Nashua,03062,New Hampshire,US,Tech Management Labs,Technical Services,266,,Project Manager ,603-555-0205,,,\\dgsa-discovery.dgse.local\Home$\%Username%,H:,d@t@Gr11,TRUE,TRUE,ou=TML Users,Technical Services
Yes,Eldon,Azzarito,,Corporate,,eazzarito@dgse.local,140 Toro Blvd,Nashua,03062,New Hampshire,US,Tech Management Labs,Technical Services,267,,Project Manager,603-555-0206,,,\\dgsa-discovery.dgse.local\Home$\%Username%,H:,d@t@Gr11,TRUE,TRUE,ou=TML Users,Technical Services
Yes,Eldora,Azzaro,,Corporate,,eazzaro@dgse.local,140 Toro Blvd,Nashua,03062,New Hampshire,US,Tech Management Labs,Technical Services,268,,Project Manager,603-555-0207,,,\\dgsa-discovery.dgse.local\Home$\%Username%,H:,d@t@Gr11,TRUE,TRUE,ou=TML Users,Technical Services
Yes,Eldridge,Azznara,,Corporate,,eazznara@dgse.local,140 Toro Blvd,Nashua,03062,New Hampshire,US,Tech Management Labs,Technical Services,269,,Project Manager,603-555-0208,,,\\dgsa-discovery.dgse.local\Home$\%Username%,H:,d@t@Gr11,TRUE,TRUE,ou=TML Users,Technical Services
Yes,Foster,Azzopardi,,Corporate,,fazzopardi@dgse.local,140 Toro Blvd,Nashua,03062,New Hampshire,US,Tech Management Labs,Technical Services,270,,Project Manager,603-555-0209,,,\\dgsa-discovery.dgse.local\Home$\%Username%,H:,d@t@Gr11,TRUE,TRUE,ou=TML Users,Technical Services
Yes,Fran,Ba,,Corporate,,fba@dgse.local,140 Toro Blvd,Nashua,03062,New Hampshire,US,Tech Management Labs,Technical Services,271,,User Experience,603-555-0210,,,\\dgsa-discovery.dgse.local\Home$\%Username%,H:,d@t@Gr11,TRUE,TRUE,ou=TML Users,Technical Services
Yes,France,Baab,,Corporate,,fbaab@dgse.local,140 Toro Blvd,Nashua,03062,New Hampshire,US,Tech Management Labs,Technical Services,272,,User Experience,603-555-0211,,,\\dgsa-discovery.dgse.local\Home$\%Username%,H:,d@t@Gr11,TRUE,TRUE,ou=TML Users,Technical Services
Yes,Francene,Baack,,Corporate,,fbaack@dgse.local,140 Toro Blvd,Nashua,03062,New Hampshire,US,Tech Management Labs,Technical Services,273,,User Experience,603-555-0212,,,\\dgsa-discovery.dgse.local\Home$\%Username%,H:,d@t@Gr11,TRUE,TRUE,ou=TML Users,Technical Services
Yes,Frances,Baade,,Corporate,,fbaade@dgse.local,140 Toro Blvd,Nashua,03062,New Hampshire,US,Tech Management Labs,Technical Services,274,,User Experience,603-555-0213,,,\\dgsa-discovery.dgse.local\Home$\%Username%,H:,d@t@Gr11,TRUE,TRUE,ou=TML Users,Technical Services
Yes,Frances,Baadsgaard,,Corporate,,fbaadsgaard@dgse.local,140 Toro Blvd,Nashua,03062,New Hampshire,US,Tech Management Labs,Technical Services,275,,Graphic Design,603-555-0214,,,\\dgsa-discovery.dgse.local\Home$\%Username%,H:,d@t@Gr11,TRUE,TRUE,ou=TML Users,Technical Services
Yes,Francesca,Baar,,Corporate,,fbaar@dgse.local,140 Toro Blvd,Nashua,03062,New Hampshire,US,Tech Management Labs,Technical Services,276,,Graphic Design,603-555-0215,,,\\dgsa-discovery.dgse.local\Home$\%Username%,H:,d@t@Gr11,TRUE,TRUE,ou=TML Users,Technical Services
Yes,Francesco,Baars,,Corporate,,fbaars@dgse.local,140 Toro Blvd,Nashua,03062,New Hampshire,US,Tech Management Labs,Technical Services,277,,Graphic Design,603-555-0216,,,\\dgsa-discovery.dgse.local\Home$\%Username%,H:,d@t@Gr11,TRUE,TRUE,ou=TML Users,Technical Services
Yes,Franchesca,Baarts,,Corporate,,fbaarts@dgse.local,140 Toro Blvd,Nashua,03062,New Hampshire,US,Tech Management Labs,Technical Services,278,,Graphic Design,603-555-0217,,,\\dgsa-discovery.dgse.local\Home$\%Username%,H:,d@t@Gr11,TRUE,TRUE,ou=TML Users,Technical Services
Yes,Francie,Baas,,Corporate,,fbaas@dgse.local,140 Toro Blvd,Nashua,03062,New Hampshire,US,Tech Management Labs,Technical Services,279,,Technical Services Intern,603-555-0218,,,\\dgsa-discovery.dgse.local\Home$\%Username%,H:,d@t@Gr11,TRUE,TRUE,ou=TML Users,Technical Services
Yes,Francina,Baatz,,Corporate,,fbaatz@dgse.local,140 Toro Blvd,Nashua,03062,New Hampshire,US,Tech Management Labs,Technical Services,280,,Technical Services Intern,603-555-0219,,,\\dgsa-discovery.dgse.local\Home$\%Username%,H:,d@t@Gr11,TRUE,TRUE,ou=TML Users,Technical Services
Yes,Francine,Bab,,Corporate,,fbab@dgse.local,140 Toro Blvd,Nashua,03062,New Hampshire,US,Tech Management Labs,Technical Services,281,,Technical Services Intern,603-555-0220,,,\\dgsa-discovery.dgse.local\Home$\%Username%,H:,d@t@Gr11,TRUE,TRUE,ou=TML Users,Technical Services
Yes,Francis,Baba,,Corporate,,fbaba@dgse.local,140 Toro Blvd,Nashua,03062,New Hampshire,US,Tech Management Labs,Technical Services,282,,Technical Services Intern,603-555-0221,,,\\dgsa-discovery.dgse.local\Home$\%Username%,H:,d@t@Gr11,TRUE,TRUE,ou=TML Users,Technical Services
Yes,Francis,Babat,,Corporate,,fbabat@dgse.local,140 Toro Blvd,Nashua,03062,New Hampshire,US,Tech Management Labs,Technical Services,283,,Support Engineer,603-555-0232,,,\\dgsa-discovery.dgse.local\Home$\%Username%,H:,d@t@Gr11,TRUE,TRUE,ou=TML Users,Technical Services
Yes,Francisca,Babauta,,Corporate,,fbabauta@dgse.local,140 Toro Blvd,Nashua,03062,New Hampshire,US,Tech Management Labs,Technical Services,284,,Support Engineer,603-555-0233,,,\\dgsa-discovery.dgse.local\Home$\%Username%,H:,d@t@Gr11,TRUE,TRUE,ou=TML Users,Technical Services
Yes,Francisco,Babb,,Corporate,,fbabb@dgse.local,140 Toro Blvd,Nashua,03062,New Hampshire,US,Tech Management Labs,Technical Services,285,,Support Engineer,603-555-0285,,,\\dgsa-discovery.dgse.local\Home$\%Username%,H:,d@t@Gr11,TRUE,TRUE,ou=TML Users,Technical Services
Yes,Jordan,Banks,,Corporate,,jbanks@dgse.local,140 Toro Blvd,Nashua,03062,New Hampshire,US,Tech Management Labs,Human Resources,286,,VP HR,603-555-0286,,,\\dgsa-discovery.dgse.local\Home$\%Username%,H:,d@t@Gr11,TRUE,TRUE,ou=TML Users,Human Resources
Yes,Martha,Hurts,,Corporate,,mhurts@dgse.local,140 Toro Blvd,Nashua,03062,New Hampshire,US,Tech Management Labs,Human Resources,287,,Director HR,603-555-0287,,,\\dgsa-discovery.dgse.local\Home$\%Username%,H:,d@t@Gr11,TRUE,TRUE,ou=TML Users,Human Resources
Yes,Frank,Furter,,Corporate,,ffurter@dgse.local,140 Toro Blvd,Nashua,03062,New Hampshire,US,Tech Management Labs,Human Resources,288,,Executive Director HR,603-555-0288,,,\\dgsa-discovery.dgse.local\Home$\%Username%,H:,d@t@Gr11,TRUE,TRUE,ou=TML Users,Human Resources
Yes,Alex,Michels,,Corporate,,amichels@dgse.local,140 Toro Blvd,Nashua,03062,New Hampshire,US,Tech Management Labs,Human Resources,289,,HR Specialist,603-555-0289,,,\\dgsa-discovery.dgse.local\Home$\%Username%,H:,d@t@Gr11,TRUE,TRUE,ou=TML Users,Human Resources
Yes,Michael,Lovely,,Corporate,,mlovely@dgse.local,140 Toro Blvd,Nashua,03062,New Hampshire,US,Tech Management Labs,Human Resources,290,,HR Specialist,603-555-0290,,,\\dgsa-discovery.dgse.local\Home$\%Username%,H:,d@t@Gr11,TRUE,TRUE,ou=TML Users,Human Resources
Yes,Steven ,Helbling,,Corporate,,shelbling@dgse.local,140 Toro Blvd,Nashua,03062,New Hampshire,US,Tech Management Labs,Human Resources,291,,Manager HR,603-555-0291,,,\\dgsa-discovery.dgse.local\Home$\%Username%,H:,d@t@Gr11,TRUE,TRUE,ou=TML Users,Human Resources
Yes,Jay,Son,,Corporate,,json@dgse.local,140 Toro Blvd,Nashua,03062,New Hampshire,US,Tech Management Labs,Human Resources,292,,HR Specialist,603-555-0292,,,\\dgsa-discovery.dgse.local\Home$\%Username%,H:,d@t@Gr11,TRUE,TRUE,ou=TML Users,Human Resources
Yes,Power,Shell,,Corporate,,pshell@dgse.local,140 Toro Blvd,Nashua,03062,New Hampshire,US,Tech Management Labs,Human Resources,293,,HR Specialist,603-555-0293,,,\\dgsa-discovery.dgse.local\Home$\%Username%,H:,d@t@Gr11,TRUE,TRUE,ou=TML Users,Human Resources
Yes,Dolores,Clayborn,,Corporate,,dclayborn@dgse.local,140 Toro Blvd,Nashua,03062,New Hampshire,US,Tech Management Labs,Marketing,294,,Manager,603-555-0294,,,\\dgsa-discovery.dgse.local\Home$\%Username%,H:,d@t@Gr11,TRUE,TRUE,ou=TML Users,Marketing
